# X-BAT-inspired conceptual 3rd-pass line wireframe
# X span, Y depth, Z vertical nose-up axis
v -0.000000 0.340000 13.000000
v -1.220370 0.466474 11.818182
v -1.220370 0.466474 11.818182
v -2.161962 0.455153 10.636364
v -2.161962 0.455153 10.636364
v -2.970574 0.488726 9.454545
v -2.970574 0.488726 9.454545
v -3.789091 0.517909 8.272727
v -3.789091 0.517909 8.272727
v -4.616364 0.542675 7.090909
v -4.616364 0.542675 7.090909
v -5.450887 0.563417 5.909091
v -5.450887 0.563417 5.909091
v -6.313747 0.580309 4.727273
v -6.313747 0.580309 4.727273
v -7.409091 0.593424 3.545455
v -7.409091 0.593424 3.545455
v -8.643030 0.602790 2.363636
v -8.643030 0.602790 2.363636
v -10.113737 0.608410 1.181818
v -10.113737 0.608410 1.181818
v -11.553125 0.610284 0.000000
v -11.553125 0.610284 0.000000
v -12.956534 0.608410 -1.181818
v -12.956534 0.608410 -1.181818
v -14.324784 0.602790 -2.363636
v -14.324784 0.602790 -2.363636
v -15.647294 0.593424 -3.545455
v -15.647294 0.593424 -3.545455
v -17.240000 0.394610 -4.727273
v -17.240000 0.394610 -4.727273
v -18.779959 0.383124 -5.909091
v -18.779959 0.383124 -5.909091
v -19.289731 0.369019 -7.090909
v -19.289731 0.369019 -7.090909
v -18.591259 0.352178 -8.272727
v -18.591259 0.352178 -8.272727
v -16.818727 0.332334 -9.454545
v -16.818727 0.332334 -9.454545
v -13.651136 0.308864 -10.636364
v -13.651136 0.308864 -10.636364
v -8.943182 0.280016 -11.818182
v -8.943182 0.280016 -11.818182
v -2.700000 0.315483 -13.000000
v -0.000000 0.340000 13.000000
v -1.067824 0.615595 11.818182
v -1.067824 0.615595 11.818182
v -1.891717 0.642060 10.636364
v -1.891717 0.642060 10.636364
v -2.599252 0.728234 9.454545
v -2.599252 0.728234 9.454545
v -3.315455 0.804412 8.272727
v -3.315455 0.804412 8.272727
v -4.039318 0.869062 7.090909
v -4.039318 0.869062 7.090909
v -4.769526 0.923207 5.909091
v -4.769526 0.923207 5.909091
v -5.524529 0.967301 4.727273
v -5.524529 0.967301 4.727273
v -6.482955 1.001537 3.545455
v -6.482955 1.001537 3.545455
v -7.562652 1.025984 2.363636
v -7.562652 1.025984 2.363636
v -8.849520 1.040655 1.181818
v -8.849520 1.040655 1.181818
v -10.108984 1.045546 0.000000
v -10.108984 1.045546 0.000000
v -11.336967 1.040655 -1.181818
v -11.336967 1.040655 -1.181818
v -12.534186 1.025984 -2.363636
v -12.534186 1.025984 -2.363636
v -13.691383 1.001537 -3.545455
v -13.691383 1.001537 -3.545455
v -15.085000 0.657764 -4.727273
v -15.085000 0.657764 -4.727273
v -16.432464 0.627780 -5.909091
v -16.432464 0.627780 -5.909091
v -16.878514 0.590962 -7.090909
v -16.878514 0.590962 -7.090909
v -16.267351 0.547000 -8.272727
v -16.267351 0.547000 -8.272727
v -14.716386 0.495199 -9.454545
v -14.716386 0.495199 -9.454545
v -11.944744 0.433933 -10.636364
v -11.944744 0.433933 -10.636364
v -7.825284 0.358658 -11.818182
v -7.825284 0.358658 -11.818182
v -2.362500 0.338699 -13.000000
v -0.000000 0.340000 13.000000
v -0.915278 0.763679 11.818182
v -0.915278 0.763679 11.818182
v -1.621471 0.817371 10.636364
v -1.621471 0.817371 10.636364
v -2.227931 0.945076 9.454545
v -2.227931 0.945076 9.454545
v -2.841818 1.063803 8.272727
v -2.841818 1.063803 8.272727
v -3.462273 1.164562 7.090909
v -3.462273 1.164562 7.090909
v -4.088165 1.248948 5.909091
v -4.088165 1.248948 5.909091
v -4.735310 1.317670 4.727273
v -4.735310 1.317670 4.727273
v -5.556818 1.371029 3.545455
v -5.556818 1.371029 3.545455
v -6.482273 1.409130 2.363636
v -6.482273 1.409130 2.363636
v -7.585303 1.431995 1.181818
v -7.585303 1.431995 1.181818
v -8.664844 1.439619 0.000000
v -8.664844 1.439619 0.000000
v -9.717401 1.431995 -1.181818
v -9.717401 1.431995 -1.181818
v -10.743588 1.409130 -2.363636
v -10.743588 1.409130 -2.363636
v -11.735471 1.371029 -3.545455
v -11.735471 1.371029 -3.545455
v -12.930000 0.896016 -4.727273
v -12.930000 0.896016 -4.727273
v -14.084969 0.849285 -5.909091
v -14.084969 0.849285 -5.909091
v -14.467298 0.791902 -7.090909
v -14.467298 0.791902 -7.090909
v -13.943444 0.723386 -8.272727
v -13.943444 0.723386 -8.272727
v -12.614045 0.642652 -9.454545
v -12.614045 0.642652 -9.454545
v -10.238352 0.547166 -10.636364
v -10.238352 0.547166 -10.636364
v -6.707386 0.430157 -11.818182
v -6.707386 0.430157 -11.818182
v -2.025000 0.363934 -13.000000
v -0.000000 0.340000 13.000000
v -0.762731 0.909476 11.818182
v -0.762731 0.909476 11.818182
v -1.351226 0.994755 10.636364
v -1.351226 0.994755 10.636364
v -1.856609 1.151783 9.454545
v -1.856609 1.151783 9.454545
v -2.368182 1.311069 8.272727
v -2.368182 1.311069 8.272727
v -2.885227 1.446251 7.090909
v -2.885227 1.446251 7.090909
v -3.406804 1.559465 5.909091
v -3.406804 1.559465 5.909091
v -3.946092 1.651664 4.727273
v -3.946092 1.651664 4.727273
v -4.630682 1.723251 3.545455
v -4.630682 1.723251 3.545455
v -5.401894 1.774368 2.363636
v -5.401894 1.774368 2.363636
v -6.321086 1.805045 1.181818
v -6.321086 1.805045 1.181818
v -7.220703 1.815273 0.000000
v -7.220703 1.815273 0.000000
v -8.097834 1.805045 -1.181818
v -8.097834 1.805045 -1.181818
v -8.952990 1.774369 -2.363636
v -8.952990 1.774369 -2.363636
v -9.779559 1.723251 -3.545455
v -9.779559 1.723251 -3.545455
v -10.775000 1.123132 -4.727273
v -10.775000 1.123132 -4.727273
v -11.737474 1.060436 -5.909091
v -11.737474 1.060436 -5.909091
v -12.056082 0.983451 -7.090909
v -12.056082 0.983451 -7.090909
v -11.619537 0.891527 -8.272727
v -11.619537 0.891527 -8.272727
v -10.511705 0.783213 -9.454545
v -10.511705 0.783213 -9.454545
v -8.531960 0.655113 -10.636364
v -8.531960 0.655113 -10.636364
v -5.589489 0.500220 -11.818182
v -5.589489 0.500220 -11.818182
v -1.687500 0.389860 -13.000000
v -0.000000 0.340000 13.000000
v -0.610185 1.048696 11.818182
v -0.610185 1.048696 11.818182
v -1.080981 1.194509 10.636364
v -1.080981 1.194509 10.636364
v -1.485287 1.378395 9.454545
v -1.485287 1.378395 9.454545
v -1.894545 1.582146 8.272727
v -1.894545 1.582146 8.272727
v -2.308182 1.755064 7.090909
v -2.308182 1.755064 7.090909
v -2.725443 1.899882 5.909091
v -2.725443 1.899882 5.909091
v -3.156874 2.017819 4.727273
v -3.156874 2.017819 4.727273
v -3.704545 2.109389 3.545455
v -3.704545 2.109389 3.545455
v -4.321515 2.174776 2.363636
v -4.321515 2.174776 2.363636
v -5.056869 2.214016 1.181818
v -5.056869 2.214016 1.181818
v -5.776562 2.227099 0.000000
v -5.776562 2.227099 0.000000
v -6.478267 2.214016 -1.181818
v -6.478267 2.214016 -1.181818
v -7.162392 2.174793 -2.363636
v -7.162392 2.174793 -2.363636
v -7.823647 2.109400 -3.545455
v -7.823647 2.109400 -3.545455
v -8.620000 2.017821 -4.727273
v -8.620000 2.017821 -4.727273
v -9.389979 1.899882 -5.909091
v -9.389979 1.899882 -5.909091
v -9.644865 1.755064 -7.090909
v -9.644865 1.755064 -7.090909
v -9.295629 1.582147 -8.272727
v -9.295629 1.582147 -8.272727
v -8.409364 1.378406 -9.454545
v -8.409364 1.378406 -9.454545
v -6.825568 1.137792 -10.636364
v -6.825568 1.137792 -10.636364
v -4.471591 0.860050 -11.818182
v -4.471591 0.860050 -11.818182
v -1.350000 0.609997 -13.000000
v -0.000000 0.340000 13.000000
v -0.457639 1.173889 11.818182
v -0.457639 1.173889 11.818182
v -0.810736 1.430074 10.636364
v -0.810736 1.430074 10.636364
v -1.113965 1.664690 9.454545
v -1.113965 1.664690 9.454545
v -1.420909 1.924618 8.272727
v -1.420909 1.924618 8.272727
v -1.731136 2.145210 7.090909
v -1.731136 2.145210 7.090909
v -2.044083 2.329956 5.909091
v -2.044083 2.329956 5.909091
v -2.367655 2.480409 4.727273
v -2.367655 2.480409 4.727273
v -2.778409 2.597227 3.545455
v -2.778409 2.597227 3.545455
v -3.241136 2.680642 2.363636
v -3.241136 2.680642 2.363636
v -3.792652 2.730701 1.181818
v -3.792652 2.730701 1.181818
v -4.332422 2.747390 0.000000
v -4.332422 2.747390 0.000000
v -4.858700 2.730701 -1.181818
v -4.858700 2.730701 -1.181818
v -5.371794 2.681041 -2.363636
v -5.371794 2.681041 -2.363636
v -5.867735 2.597687 -3.545455
v -5.867735 2.597687 -3.545455
v -6.465000 2.480668 -4.727273
v -6.465000 2.480668 -4.727273
v -7.042485 2.330074 -5.909091
v -7.042485 2.330074 -5.909091
v -7.233649 2.145312 -7.090909
v -7.233649 2.145312 -7.090909
v -6.971722 1.924827 -8.272727
v -6.971722 1.924827 -8.272727
v -6.307023 1.665557 -9.454545
v -6.307023 1.665557 -9.454545
v -5.119176 1.364155 -10.636364
v -5.119176 1.364155 -10.636364
v -3.353693 1.044913 -11.818182
v -3.353693 1.044913 -11.818182
v -1.012500 0.642461 -13.000000
v -0.000000 0.340000 13.000000
v -0.305093 1.275357 11.818182
v -0.305093 1.275357 11.818182
v -0.540490 1.683266 10.636364
v -0.540490 1.683266 10.636364
v -0.742644 2.013383 9.454545
v -0.742644 2.013383 9.454545
v -0.947273 2.341730 8.272727
v -0.947273 2.341730 8.272727
v -1.154091 2.620388 7.090909
v -1.154091 2.620388 7.090909
v -1.362722 2.853764 5.909091
v -1.362722 2.853764 5.909091
v -1.578437 3.043820 4.727273
v -1.578437 3.043820 4.727273
v -1.852273 3.191387 3.545455
v -1.852273 3.191387 3.545455
v -2.160758 3.296759 2.363636
v -2.160758 3.296759 2.363636
v -2.528434 3.359995 1.181818
v -2.528434 3.359995 1.181818
v -2.888281 3.381078 0.000000
v -2.888281 3.381078 0.000000
v -3.239134 3.359995 -1.181818
v -3.239134 3.359995 -1.181818
v -3.581196 3.300671 -2.363636
v -3.581196 3.300671 -2.363636
v -3.911824 3.198391 -3.545455
v -3.911824 3.198391 -3.545455
v -4.310000 3.050884 -4.727273
v -4.310000 3.050884 -4.727273
v -4.694990 2.859705 -5.909091
v -4.694990 2.859705 -5.909091
v -4.822433 2.626758 -7.090909
v -4.822433 2.626758 -7.090909
v -4.647815 2.351526 -8.272727
v -4.647815 2.351526 -8.272727
v -4.204682 2.033541 -9.454545
v -4.204682 2.033541 -9.454545
v -3.412784 1.679789 -10.636364
v -3.412784 1.679789 -10.636364
v -2.235795 1.307231 -11.818182
v -2.235795 1.307231 -11.818182
v -0.675000 0.668013 -13.000000
v -0.000000 0.340000 13.000000
v -0.152546 1.342968 11.818182
v -0.152546 1.342968 11.818182
v -0.270245 1.891638 10.636364
v -0.270245 1.891638 10.636364
v -0.371322 2.333551 9.454545
v -0.371322 2.333551 9.454545
v -0.473636 2.724720 8.272727
v -0.473636 2.724720 8.272727
v -0.577045 3.056694 7.090909
v -0.577045 3.056694 7.090909
v -0.681361 3.334721 5.909091
v -0.681361 3.334721 5.909091
v -0.789218 3.561141 4.727273
v -0.789218 3.561141 4.727273
v -0.926136 3.736942 3.545455
v -0.926136 3.736942 3.545455
v -1.080379 3.862474 2.363636
v -1.080379 3.862474 2.363636
v -1.264217 3.937808 1.181818
v -1.264217 3.937808 1.181818
v -1.444141 3.962925 0.000000
v -1.444141 3.962925 0.000000
v -1.619567 3.937808 -1.181818
v -1.619567 3.937808 -1.181818
v -1.790598 3.877865 -2.363636
v -1.790598 3.877865 -2.363636
v -1.955912 3.772843 -3.545455
v -1.955912 3.772843 -3.545455
v -2.155000 3.612502 -4.727273
v -2.155000 3.612502 -4.727273
v -2.347495 3.397276 -5.909091
v -2.347495 3.397276 -5.909091
v -2.411216 3.133036 -7.090909
v -2.411216 3.133036 -7.090909
v -2.323907 2.823119 -8.272727
v -2.323907 2.823119 -8.272727
v -2.102341 2.466737 -9.454545
v -2.102341 2.466737 -9.454545
v -1.706392 2.060837 -10.636364
v -1.706392 2.060837 -10.636364
v -1.117898 1.574331 -11.818182
v -1.117898 1.574331 -11.818182
v -0.337500 0.684369 -13.000000
v 0.000000 0.340000 13.000000
v 0.000000 1.367830 11.818182
v 0.000000 1.367830 11.818182
v 0.000000 1.975310 10.636364
v 0.000000 1.975310 10.636364
v 0.000000 2.469506 9.454545
v 0.000000 2.469506 9.454545
v 0.000000 2.887352 8.272727
v 0.000000 2.887352 8.272727
v 0.000000 3.241966 7.090909
v 0.000000 3.241966 7.090909
v 0.000000 3.538954 5.909091
v 0.000000 3.538954 5.909091
v 0.000000 3.780814 4.727273
v 0.000000 3.780814 4.727273
v 0.000000 3.968605 3.545455
v 0.000000 3.968605 3.545455
v 0.000000 4.102698 2.363636
v 0.000000 4.102698 2.363636
v 0.000000 4.183170 1.181818
v 0.000000 4.183170 1.181818
v 0.000000 4.210000 0.000000
v 0.000000 4.210000 0.000000
v 0.000000 4.183170 -1.181818
v 0.000000 4.183170 -1.181818
v 0.000000 4.126996 -2.363636
v 0.000000 4.126996 -2.363636
v 0.000000 4.030506 -3.545455
v 0.000000 4.030506 -3.545455
v 0.000000 3.880319 -4.727273
v 0.000000 3.880319 -4.727273
v 0.000000 3.676061 -5.909091
v 0.000000 3.676061 -5.909091
v 0.000000 3.416676 -7.090909
v 0.000000 3.416676 -7.090909
v 0.000000 3.099666 -8.272727
v 0.000000 3.099666 -8.272727
v 0.000000 2.719423 -9.454545
v 0.000000 2.719423 -9.454545
v 0.000000 2.262831 -10.636364
v 0.000000 2.262831 -10.636364
v 0.000000 1.692953 -11.818182
v 0.000000 1.692953 -11.818182
v 0.000000 0.690000 -13.000000
v 0.000000 0.340000 13.000000
v 0.152546 1.342968 11.818182
v 0.152546 1.342968 11.818182
v 0.270245 1.891638 10.636364
v 0.270245 1.891638 10.636364
v 0.371322 2.333551 9.454545
v 0.371322 2.333551 9.454545
v 0.473636 2.724720 8.272727
v 0.473636 2.724720 8.272727
v 0.577045 3.056694 7.090909
v 0.577045 3.056694 7.090909
v 0.681361 3.334721 5.909091
v 0.681361 3.334721 5.909091
v 0.789218 3.561141 4.727273
v 0.789218 3.561141 4.727273
v 0.926136 3.736942 3.545455
v 0.926136 3.736942 3.545455
v 1.080379 3.862474 2.363636
v 1.080379 3.862474 2.363636
v 1.264217 3.937808 1.181818
v 1.264217 3.937808 1.181818
v 1.444141 3.962925 0.000000
v 1.444141 3.962925 0.000000
v 1.619567 3.937808 -1.181818
v 1.619567 3.937808 -1.181818
v 1.790598 3.877865 -2.363636
v 1.790598 3.877865 -2.363636
v 1.955912 3.772843 -3.545455
v 1.955912 3.772843 -3.545455
v 2.155000 3.612502 -4.727273
v 2.155000 3.612502 -4.727273
v 2.347495 3.397276 -5.909091
v 2.347495 3.397276 -5.909091
v 2.411216 3.133036 -7.090909
v 2.411216 3.133036 -7.090909
v 2.323907 2.823119 -8.272727
v 2.323907 2.823119 -8.272727
v 2.102341 2.466737 -9.454545
v 2.102341 2.466737 -9.454545
v 1.706392 2.060837 -10.636364
v 1.706392 2.060837 -10.636364
v 1.117898 1.574331 -11.818182
v 1.117898 1.574331 -11.818182
v 0.337500 0.684369 -13.000000
v 0.000000 0.340000 13.000000
v 0.305093 1.275357 11.818182
v 0.305093 1.275357 11.818182
v 0.540490 1.683266 10.636364
v 0.540490 1.683266 10.636364
v 0.742644 2.013383 9.454545
v 0.742644 2.013383 9.454545
v 0.947273 2.341730 8.272727
v 0.947273 2.341730 8.272727
v 1.154091 2.620388 7.090909
v 1.154091 2.620388 7.090909
v 1.362722 2.853764 5.909091
v 1.362722 2.853764 5.909091
v 1.578437 3.043820 4.727273
v 1.578437 3.043820 4.727273
v 1.852273 3.191387 3.545455
v 1.852273 3.191387 3.545455
v 2.160758 3.296759 2.363636
v 2.160758 3.296759 2.363636
v 2.528434 3.359995 1.181818
v 2.528434 3.359995 1.181818
v 2.888281 3.381078 0.000000
v 2.888281 3.381078 0.000000
v 3.239134 3.359995 -1.181818
v 3.239134 3.359995 -1.181818
v 3.581196 3.300671 -2.363636
v 3.581196 3.300671 -2.363636
v 3.911824 3.198391 -3.545455
v 3.911824 3.198391 -3.545455
v 4.310000 3.050884 -4.727273
v 4.310000 3.050884 -4.727273
v 4.694990 2.859705 -5.909091
v 4.694990 2.859705 -5.909091
v 4.822433 2.626758 -7.090909
v 4.822433 2.626758 -7.090909
v 4.647815 2.351526 -8.272727
v 4.647815 2.351526 -8.272727
v 4.204682 2.033541 -9.454545
v 4.204682 2.033541 -9.454545
v 3.412784 1.679789 -10.636364
v 3.412784 1.679789 -10.636364
v 2.235795 1.307231 -11.818182
v 2.235795 1.307231 -11.818182
v 0.675000 0.668013 -13.000000
v 0.000000 0.340000 13.000000
v 0.457639 1.173889 11.818182
v 0.457639 1.173889 11.818182
v 0.810736 1.430074 10.636364
v 0.810736 1.430074 10.636364
v 1.113965 1.664690 9.454545
v 1.113965 1.664690 9.454545
v 1.420909 1.924618 8.272727
v 1.420909 1.924618 8.272727
v 1.731136 2.145210 7.090909
v 1.731136 2.145210 7.090909
v 2.044083 2.329956 5.909091
v 2.044083 2.329956 5.909091
v 2.367655 2.480409 4.727273
v 2.367655 2.480409 4.727273
v 2.778409 2.597227 3.545455
v 2.778409 2.597227 3.545455
v 3.241136 2.680642 2.363636
v 3.241136 2.680642 2.363636
v 3.792652 2.730701 1.181818
v 3.792652 2.730701 1.181818
v 4.332422 2.747390 0.000000
v 4.332422 2.747390 0.000000
v 4.858700 2.730701 -1.181818
v 4.858700 2.730701 -1.181818
v 5.371794 2.681041 -2.363636
v 5.371794 2.681041 -2.363636
v 5.867735 2.597687 -3.545455
v 5.867735 2.597687 -3.545455
v 6.465000 2.480668 -4.727273
v 6.465000 2.480668 -4.727273
v 7.042485 2.330074 -5.909091
v 7.042485 2.330074 -5.909091
v 7.233649 2.145312 -7.090909
v 7.233649 2.145312 -7.090909
v 6.971722 1.924827 -8.272727
v 6.971722 1.924827 -8.272727
v 6.307023 1.665557 -9.454545
v 6.307023 1.665557 -9.454545
v 5.119176 1.364155 -10.636364
v 5.119176 1.364155 -10.636364
v 3.353693 1.044913 -11.818182
v 3.353693 1.044913 -11.818182
v 1.012500 0.642461 -13.000000
v 0.000000 0.340000 13.000000
v 0.610185 1.048696 11.818182
v 0.610185 1.048696 11.818182
v 1.080981 1.194509 10.636364
v 1.080981 1.194509 10.636364
v 1.485287 1.378395 9.454545
v 1.485287 1.378395 9.454545
v 1.894545 1.582146 8.272727
v 1.894545 1.582146 8.272727
v 2.308182 1.755064 7.090909
v 2.308182 1.755064 7.090909
v 2.725443 1.899882 5.909091
v 2.725443 1.899882 5.909091
v 3.156874 2.017819 4.727273
v 3.156874 2.017819 4.727273
v 3.704545 2.109389 3.545455
v 3.704545 2.109389 3.545455
v 4.321515 2.174776 2.363636
v 4.321515 2.174776 2.363636
v 5.056869 2.214016 1.181818
v 5.056869 2.214016 1.181818
v 5.776562 2.227099 0.000000
v 5.776562 2.227099 0.000000
v 6.478267 2.214016 -1.181818
v 6.478267 2.214016 -1.181818
v 7.162392 2.174793 -2.363636
v 7.162392 2.174793 -2.363636
v 7.823647 2.109400 -3.545455
v 7.823647 2.109400 -3.545455
v 8.620000 2.017821 -4.727273
v 8.620000 2.017821 -4.727273
v 9.389979 1.899882 -5.909091
v 9.389979 1.899882 -5.909091
v 9.644865 1.755064 -7.090909
v 9.644865 1.755064 -7.090909
v 9.295629 1.582147 -8.272727
v 9.295629 1.582147 -8.272727
v 8.409364 1.378406 -9.454545
v 8.409364 1.378406 -9.454545
v 6.825568 1.137792 -10.636364
v 6.825568 1.137792 -10.636364
v 4.471591 0.860050 -11.818182
v 4.471591 0.860050 -11.818182
v 1.350000 0.609997 -13.000000
v 0.000000 0.340000 13.000000
v 0.762731 0.909476 11.818182
v 0.762731 0.909476 11.818182
v 1.351226 0.994755 10.636364
v 1.351226 0.994755 10.636364
v 1.856609 1.151783 9.454545
v 1.856609 1.151783 9.454545
v 2.368182 1.311069 8.272727
v 2.368182 1.311069 8.272727
v 2.885227 1.446251 7.090909
v 2.885227 1.446251 7.090909
v 3.406804 1.559465 5.909091
v 3.406804 1.559465 5.909091
v 3.946092 1.651664 4.727273
v 3.946092 1.651664 4.727273
v 4.630682 1.723251 3.545455
v 4.630682 1.723251 3.545455
v 5.401894 1.774368 2.363636
v 5.401894 1.774368 2.363636
v 6.321086 1.805045 1.181818
v 6.321086 1.805045 1.181818
v 7.220703 1.815273 0.000000
v 7.220703 1.815273 0.000000
v 8.097834 1.805045 -1.181818
v 8.097834 1.805045 -1.181818
v 8.952990 1.774369 -2.363636
v 8.952990 1.774369 -2.363636
v 9.779559 1.723251 -3.545455
v 9.779559 1.723251 -3.545455
v 10.775000 1.123132 -4.727273
v 10.775000 1.123132 -4.727273
v 11.737474 1.060436 -5.909091
v 11.737474 1.060436 -5.909091
v 12.056082 0.983451 -7.090909
v 12.056082 0.983451 -7.090909
v 11.619537 0.891527 -8.272727
v 11.619537 0.891527 -8.272727
v 10.511705 0.783213 -9.454545
v 10.511705 0.783213 -9.454545
v 8.531960 0.655113 -10.636364
v 8.531960 0.655113 -10.636364
v 5.589489 0.500220 -11.818182
v 5.589489 0.500220 -11.818182
v 1.687500 0.389860 -13.000000
v 0.000000 0.340000 13.000000
v 0.915278 0.763679 11.818182
v 0.915278 0.763679 11.818182
v 1.621471 0.817371 10.636364
v 1.621471 0.817371 10.636364
v 2.227931 0.945076 9.454545
v 2.227931 0.945076 9.454545
v 2.841818 1.063803 8.272727
v 2.841818 1.063803 8.272727
v 3.462273 1.164562 7.090909
v 3.462273 1.164562 7.090909
v 4.088165 1.248948 5.909091
v 4.088165 1.248948 5.909091
v 4.735310 1.317670 4.727273
v 4.735310 1.317670 4.727273
v 5.556818 1.371029 3.545455
v 5.556818 1.371029 3.545455
v 6.482273 1.409130 2.363636
v 6.482273 1.409130 2.363636
v 7.585303 1.431995 1.181818
v 7.585303 1.431995 1.181818
v 8.664844 1.439619 0.000000
v 8.664844 1.439619 0.000000
v 9.717401 1.431995 -1.181818
v 9.717401 1.431995 -1.181818
v 10.743588 1.409130 -2.363636
v 10.743588 1.409130 -2.363636
v 11.735471 1.371029 -3.545455
v 11.735471 1.371029 -3.545455
v 12.930000 0.896016 -4.727273
v 12.930000 0.896016 -4.727273
v 14.084969 0.849285 -5.909091
v 14.084969 0.849285 -5.909091
v 14.467298 0.791902 -7.090909
v 14.467298 0.791902 -7.090909
v 13.943444 0.723386 -8.272727
v 13.943444 0.723386 -8.272727
v 12.614045 0.642652 -9.454545
v 12.614045 0.642652 -9.454545
v 10.238352 0.547166 -10.636364
v 10.238352 0.547166 -10.636364
v 6.707386 0.430157 -11.818182
v 6.707386 0.430157 -11.818182
v 2.025000 0.363934 -13.000000
v 0.000000 0.340000 13.000000
v 1.067824 0.615595 11.818182
v 1.067824 0.615595 11.818182
v 1.891717 0.642060 10.636364
v 1.891717 0.642060 10.636364
v 2.599252 0.728234 9.454545
v 2.599252 0.728234 9.454545
v 3.315455 0.804412 8.272727
v 3.315455 0.804412 8.272727
v 4.039318 0.869062 7.090909
v 4.039318 0.869062 7.090909
v 4.769526 0.923207 5.909091
v 4.769526 0.923207 5.909091
v 5.524529 0.967301 4.727273
v 5.524529 0.967301 4.727273
v 6.482955 1.001537 3.545455
v 6.482955 1.001537 3.545455
v 7.562652 1.025984 2.363636
v 7.562652 1.025984 2.363636
v 8.849520 1.040655 1.181818
v 8.849520 1.040655 1.181818
v 10.108984 1.045546 0.000000
v 10.108984 1.045546 0.000000
v 11.336967 1.040655 -1.181818
v 11.336967 1.040655 -1.181818
v 12.534186 1.025984 -2.363636
v 12.534186 1.025984 -2.363636
v 13.691383 1.001537 -3.545455
v 13.691383 1.001537 -3.545455
v 15.085000 0.657764 -4.727273
v 15.085000 0.657764 -4.727273
v 16.432464 0.627780 -5.909091
v 16.432464 0.627780 -5.909091
v 16.878514 0.590962 -7.090909
v 16.878514 0.590962 -7.090909
v 16.267351 0.547000 -8.272727
v 16.267351 0.547000 -8.272727
v 14.716386 0.495199 -9.454545
v 14.716386 0.495199 -9.454545
v 11.944744 0.433933 -10.636364
v 11.944744 0.433933 -10.636364
v 7.825284 0.358658 -11.818182
v 7.825284 0.358658 -11.818182
v 2.362500 0.338699 -13.000000
v 0.000000 0.340000 13.000000
v 1.220370 0.466474 11.818182
v 1.220370 0.466474 11.818182
v 2.161962 0.455153 10.636364
v 2.161962 0.455153 10.636364
v 2.970574 0.488726 9.454545
v 2.970574 0.488726 9.454545
v 3.789091 0.517909 8.272727
v 3.789091 0.517909 8.272727
v 4.616364 0.542675 7.090909
v 4.616364 0.542675 7.090909
v 5.450887 0.563417 5.909091
v 5.450887 0.563417 5.909091
v 6.313747 0.580309 4.727273
v 6.313747 0.580309 4.727273
v 7.409091 0.593424 3.545455
v 7.409091 0.593424 3.545455
v 8.643030 0.602790 2.363636
v 8.643030 0.602790 2.363636
v 10.113737 0.608410 1.181818
v 10.113737 0.608410 1.181818
v 11.553125 0.610284 0.000000
v 11.553125 0.610284 0.000000
v 12.956534 0.608410 -1.181818
v 12.956534 0.608410 -1.181818
v 14.324784 0.602790 -2.363636
v 14.324784 0.602790 -2.363636
v 15.647294 0.593424 -3.545455
v 15.647294 0.593424 -3.545455
v 17.240000 0.394610 -4.727273
v 17.240000 0.394610 -4.727273
v 18.779959 0.383124 -5.909091
v 18.779959 0.383124 -5.909091
v 19.289731 0.369019 -7.090909
v 19.289731 0.369019 -7.090909
v 18.591259 0.352178 -8.272727
v 18.591259 0.352178 -8.272727
v 16.818727 0.332334 -9.454545
v 16.818727 0.332334 -9.454545
v 13.651136 0.308864 -10.636364
v 13.651136 0.308864 -10.636364
v 8.943182 0.280016 -11.818182
v 8.943182 0.280016 -11.818182
v 2.700000 0.315483 -13.000000
v -0.000000 -0.340000 13.000000
v -1.220370 -0.466474 11.818182
v -1.220370 -0.466474 11.818182
v -2.161962 -0.455153 10.636364
v -2.161962 -0.455153 10.636364
v -2.970574 -0.488726 9.454545
v -2.970574 -0.488726 9.454545
v -3.789091 -0.517909 8.272727
v -3.789091 -0.517909 8.272727
v -4.616364 -0.542675 7.090909
v -4.616364 -0.542675 7.090909
v -5.450887 -0.563417 5.909091
v -5.450887 -0.563417 5.909091
v -6.313747 -0.580309 4.727273
v -6.313747 -0.580309 4.727273
v -7.409091 -0.593424 3.545455
v -7.409091 -0.593424 3.545455
v -8.643030 -0.602790 2.363636
v -8.643030 -0.602790 2.363636
v -10.113737 -0.608410 1.181818
v -10.113737 -0.608410 1.181818
v -11.553125 -0.610284 0.000000
v -11.553125 -0.610284 0.000000
v -12.956534 -0.608410 -1.181818
v -12.956534 -0.608410 -1.181818
v -14.324784 -0.602790 -2.363636
v -14.324784 -0.602790 -2.363636
v -15.647294 -0.593424 -3.545455
v -15.647294 -0.593424 -3.545455
v -17.240000 -0.394610 -4.727273
v -17.240000 -0.394610 -4.727273
v -18.779959 -0.383124 -5.909091
v -18.779959 -0.383124 -5.909091
v -19.289731 -0.369019 -7.090909
v -19.289731 -0.369019 -7.090909
v -18.591259 -0.352178 -8.272727
v -18.591259 -0.352178 -8.272727
v -16.818727 -0.332334 -9.454545
v -16.818727 -0.332334 -9.454545
v -13.651136 -0.308864 -10.636364
v -13.651136 -0.308864 -10.636364
v -8.943182 -0.280016 -11.818182
v -8.943182 -0.280016 -11.818182
v -2.700000 -0.315483 -13.000000
v -0.000000 -0.340000 13.000000
v -1.067824 -0.615595 11.818182
v -1.067824 -0.615595 11.818182
v -1.891717 -0.642060 10.636364
v -1.891717 -0.642060 10.636364
v -2.599252 -0.728234 9.454545
v -2.599252 -0.728234 9.454545
v -3.315455 -0.804412 8.272727
v -3.315455 -0.804412 8.272727
v -4.039318 -0.869062 7.090909
v -4.039318 -0.869062 7.090909
v -4.769526 -0.923207 5.909091
v -4.769526 -0.923207 5.909091
v -5.524529 -0.967301 4.727273
v -5.524529 -0.967301 4.727273
v -6.482955 -1.001537 3.545455
v -6.482955 -1.001537 3.545455
v -7.562652 -1.025984 2.363636
v -7.562652 -1.025984 2.363636
v -8.849520 -1.040655 1.181818
v -8.849520 -1.040655 1.181818
v -10.108984 -1.045546 0.000000
v -10.108984 -1.045546 0.000000
v -11.336967 -1.040655 -1.181818
v -11.336967 -1.040655 -1.181818
v -12.534186 -1.025984 -2.363636
v -12.534186 -1.025984 -2.363636
v -13.691383 -1.001537 -3.545455
v -13.691383 -1.001537 -3.545455
v -15.085000 -0.657764 -4.727273
v -15.085000 -0.657764 -4.727273
v -16.432464 -0.627780 -5.909091
v -16.432464 -0.627780 -5.909091
v -16.878514 -0.590962 -7.090909
v -16.878514 -0.590962 -7.090909
v -16.267351 -0.547000 -8.272727
v -16.267351 -0.547000 -8.272727
v -14.716386 -0.495199 -9.454545
v -14.716386 -0.495199 -9.454545
v -11.944744 -0.433933 -10.636364
v -11.944744 -0.433933 -10.636364
v -7.825284 -0.358658 -11.818182
v -7.825284 -0.358658 -11.818182
v -2.362500 -0.338699 -13.000000
v -0.000000 -0.340000 13.000000
v -0.915278 -0.763679 11.818182
v -0.915278 -0.763679 11.818182
v -1.621471 -0.817371 10.636364
v -1.621471 -0.817371 10.636364
v -2.227931 -0.945076 9.454545
v -2.227931 -0.945076 9.454545
v -2.841818 -1.063803 8.272727
v -2.841818 -1.063803 8.272727
v -3.462273 -1.164562 7.090909
v -3.462273 -1.164562 7.090909
v -4.088165 -1.248948 5.909091
v -4.088165 -1.248948 5.909091
v -4.735310 -1.317670 4.727273
v -4.735310 -1.317670 4.727273
v -5.556818 -1.371029 3.545455
v -5.556818 -1.371029 3.545455
v -6.482273 -1.409130 2.363636
v -6.482273 -1.409130 2.363636
v -7.585303 -1.431995 1.181818
v -7.585303 -1.431995 1.181818
v -8.664844 -1.439619 0.000000
v -8.664844 -1.439619 0.000000
v -9.717401 -1.431995 -1.181818
v -9.717401 -1.431995 -1.181818
v -10.743588 -1.409130 -2.363636
v -10.743588 -1.409130 -2.363636
v -11.735471 -1.371029 -3.545455
v -11.735471 -1.371029 -3.545455
v -12.930000 -0.896016 -4.727273
v -12.930000 -0.896016 -4.727273
v -14.084969 -0.849285 -5.909091
v -14.084969 -0.849285 -5.909091
v -14.467298 -0.791902 -7.090909
v -14.467298 -0.791902 -7.090909
v -13.943444 -0.723386 -8.272727
v -13.943444 -0.723386 -8.272727
v -12.614045 -0.642652 -9.454545
v -12.614045 -0.642652 -9.454545
v -10.238352 -0.547166 -10.636364
v -10.238352 -0.547166 -10.636364
v -6.707386 -0.430157 -11.818182
v -6.707386 -0.430157 -11.818182
v -2.025000 -0.363934 -13.000000
v -0.000000 -0.340000 13.000000
v -0.762731 -0.909476 11.818182
v -0.762731 -0.909476 11.818182
v -1.351226 -0.994755 10.636364
v -1.351226 -0.994755 10.636364
v -1.856609 -1.151783 9.454545
v -1.856609 -1.151783 9.454545
v -2.368182 -1.311069 8.272727
v -2.368182 -1.311069 8.272727
v -2.885227 -1.446251 7.090909
v -2.885227 -1.446251 7.090909
v -3.406804 -1.559465 5.909091
v -3.406804 -1.559465 5.909091
v -3.946092 -1.651664 4.727273
v -3.946092 -1.651664 4.727273
v -4.630682 -1.723251 3.545455
v -4.630682 -1.723251 3.545455
v -5.401894 -1.774368 2.363636
v -5.401894 -1.774368 2.363636
v -6.321086 -1.805045 1.181818
v -6.321086 -1.805045 1.181818
v -7.220703 -1.815273 0.000000
v -7.220703 -1.815273 0.000000
v -8.097834 -1.805045 -1.181818
v -8.097834 -1.805045 -1.181818
v -8.952990 -1.774369 -2.363636
v -8.952990 -1.774369 -2.363636
v -9.779559 -1.723251 -3.545455
v -9.779559 -1.723251 -3.545455
v -10.775000 -1.123132 -4.727273
v -10.775000 -1.123132 -4.727273
v -11.737474 -1.060436 -5.909091
v -11.737474 -1.060436 -5.909091
v -12.056082 -0.983451 -7.090909
v -12.056082 -0.983451 -7.090909
v -11.619537 -0.891527 -8.272727
v -11.619537 -0.891527 -8.272727
v -10.511705 -0.783213 -9.454545
v -10.511705 -0.783213 -9.454545
v -8.531960 -0.655113 -10.636364
v -8.531960 -0.655113 -10.636364
v -5.589489 -0.500220 -11.818182
v -5.589489 -0.500220 -11.818182
v -1.687500 -0.389860 -13.000000
v -0.000000 -0.340000 13.000000
v -0.610185 -1.048696 11.818182
v -0.610185 -1.048696 11.818182
v -1.080981 -1.194509 10.636364
v -1.080981 -1.194509 10.636364
v -1.485287 -1.378395 9.454545
v -1.485287 -1.378395 9.454545
v -1.894545 -1.582146 8.272727
v -1.894545 -1.582146 8.272727
v -2.308182 -1.755064 7.090909
v -2.308182 -1.755064 7.090909
v -2.725443 -1.899882 5.909091
v -2.725443 -1.899882 5.909091
v -3.156874 -2.017819 4.727273
v -3.156874 -2.017819 4.727273
v -3.704545 -2.109389 3.545455
v -3.704545 -2.109389 3.545455
v -4.321515 -2.174776 2.363636
v -4.321515 -2.174776 2.363636
v -5.056869 -2.214016 1.181818
v -5.056869 -2.214016 1.181818
v -5.776562 -2.227099 0.000000
v -5.776562 -2.227099 0.000000
v -6.478267 -2.214016 -1.181818
v -6.478267 -2.214016 -1.181818
v -7.162392 -2.174793 -2.363636
v -7.162392 -2.174793 -2.363636
v -7.823647 -2.109400 -3.545455
v -7.823647 -2.109400 -3.545455
v -8.620000 -2.017821 -4.727273
v -8.620000 -2.017821 -4.727273
v -9.389979 -1.899882 -5.909091
v -9.389979 -1.899882 -5.909091
v -9.644865 -1.755064 -7.090909
v -9.644865 -1.755064 -7.090909
v -9.295629 -1.582147 -8.272727
v -9.295629 -1.582147 -8.272727
v -8.409364 -1.378406 -9.454545
v -8.409364 -1.378406 -9.454545
v -6.825568 -1.137792 -10.636364
v -6.825568 -1.137792 -10.636364
v -4.471591 -0.860050 -11.818182
v -4.471591 -0.860050 -11.818182
v -1.350000 -0.609997 -13.000000
v -0.000000 -0.340000 13.000000
v -0.457639 -1.173889 11.818182
v -0.457639 -1.173889 11.818182
v -0.810736 -1.430074 10.636364
v -0.810736 -1.430074 10.636364
v -1.113965 -1.664690 9.454545
v -1.113965 -1.664690 9.454545
v -1.420909 -1.924618 8.272727
v -1.420909 -1.924618 8.272727
v -1.731136 -2.145210 7.090909
v -1.731136 -2.145210 7.090909
v -2.044083 -2.329956 5.909091
v -2.044083 -2.329956 5.909091
v -2.367655 -2.480409 4.727273
v -2.367655 -2.480409 4.727273
v -2.778409 -2.597227 3.545455
v -2.778409 -2.597227 3.545455
v -3.241136 -2.680642 2.363636
v -3.241136 -2.680642 2.363636
v -3.792652 -2.730701 1.181818
v -3.792652 -2.730701 1.181818
v -4.332422 -2.747390 0.000000
v -4.332422 -2.747390 0.000000
v -4.858700 -2.730701 -1.181818
v -4.858700 -2.730701 -1.181818
v -5.371794 -2.681041 -2.363636
v -5.371794 -2.681041 -2.363636
v -5.867735 -2.597687 -3.545455
v -5.867735 -2.597687 -3.545455
v -6.465000 -2.480668 -4.727273
v -6.465000 -2.480668 -4.727273
v -7.042485 -2.330074 -5.909091
v -7.042485 -2.330074 -5.909091
v -7.233649 -2.145312 -7.090909
v -7.233649 -2.145312 -7.090909
v -6.971722 -1.924827 -8.272727
v -6.971722 -1.924827 -8.272727
v -6.307023 -1.665557 -9.454545
v -6.307023 -1.665557 -9.454545
v -5.119176 -1.364155 -10.636364
v -5.119176 -1.364155 -10.636364
v -3.353693 -1.044913 -11.818182
v -3.353693 -1.044913 -11.818182
v -1.012500 -0.642461 -13.000000
v -0.000000 -0.340000 13.000000
v -0.305093 -1.275357 11.818182
v -0.305093 -1.275357 11.818182
v -0.540490 -1.683266 10.636364
v -0.540490 -1.683266 10.636364
v -0.742644 -2.013383 9.454545
v -0.742644 -2.013383 9.454545
v -0.947273 -2.341730 8.272727
v -0.947273 -2.341730 8.272727
v -1.154091 -2.620388 7.090909
v -1.154091 -2.620388 7.090909
v -1.362722 -2.853764 5.909091
v -1.362722 -2.853764 5.909091
v -1.578437 -3.043820 4.727273
v -1.578437 -3.043820 4.727273
v -1.852273 -3.191387 3.545455
v -1.852273 -3.191387 3.545455
v -2.160758 -3.296759 2.363636
v -2.160758 -3.296759 2.363636
v -2.528434 -3.359995 1.181818
v -2.528434 -3.359995 1.181818
v -2.888281 -3.381078 0.000000
v -2.888281 -3.381078 0.000000
v -3.239134 -3.359995 -1.181818
v -3.239134 -3.359995 -1.181818
v -3.581196 -3.300671 -2.363636
v -3.581196 -3.300671 -2.363636
v -3.911824 -3.198391 -3.545455
v -3.911824 -3.198391 -3.545455
v -4.310000 -3.050884 -4.727273
v -4.310000 -3.050884 -4.727273
v -4.694990 -2.859705 -5.909091
v -4.694990 -2.859705 -5.909091
v -4.822433 -2.626758 -7.090909
v -4.822433 -2.626758 -7.090909
v -4.647815 -2.351526 -8.272727
v -4.647815 -2.351526 -8.272727
v -4.204682 -2.033541 -9.454545
v -4.204682 -2.033541 -9.454545
v -3.412784 -1.679789 -10.636364
v -3.412784 -1.679789 -10.636364
v -2.235795 -1.307231 -11.818182
v -2.235795 -1.307231 -11.818182
v -0.675000 -0.668013 -13.000000
v -0.000000 -0.340000 13.000000
v -0.152546 -1.342968 11.818182
v -0.152546 -1.342968 11.818182
v -0.270245 -1.891638 10.636364
v -0.270245 -1.891638 10.636364
v -0.371322 -2.333551 9.454545
v -0.371322 -2.333551 9.454545
v -0.473636 -2.724720 8.272727
v -0.473636 -2.724720 8.272727
v -0.577045 -3.056694 7.090909
v -0.577045 -3.056694 7.090909
v -0.681361 -3.334721 5.909091
v -0.681361 -3.334721 5.909091
v -0.789218 -3.561141 4.727273
v -0.789218 -3.561141 4.727273
v -0.926136 -3.736942 3.545455
v -0.926136 -3.736942 3.545455
v -1.080379 -3.862474 2.363636
v -1.080379 -3.862474 2.363636
v -1.264217 -3.937808 1.181818
v -1.264217 -3.937808 1.181818
v -1.444141 -3.962925 0.000000
v -1.444141 -3.962925 0.000000
v -1.619567 -3.937808 -1.181818
v -1.619567 -3.937808 -1.181818
v -1.790598 -3.877865 -2.363636
v -1.790598 -3.877865 -2.363636
v -1.955912 -3.772843 -3.545455
v -1.955912 -3.772843 -3.545455
v -2.155000 -3.612502 -4.727273
v -2.155000 -3.612502 -4.727273
v -2.347495 -3.397276 -5.909091
v -2.347495 -3.397276 -5.909091
v -2.411216 -3.133036 -7.090909
v -2.411216 -3.133036 -7.090909
v -2.323907 -2.823119 -8.272727
v -2.323907 -2.823119 -8.272727
v -2.102341 -2.466737 -9.454545
v -2.102341 -2.466737 -9.454545
v -1.706392 -2.060837 -10.636364
v -1.706392 -2.060837 -10.636364
v -1.117898 -1.574331 -11.818182
v -1.117898 -1.574331 -11.818182
v -0.337500 -0.684369 -13.000000
v 0.000000 -0.340000 13.000000
v 0.000000 -1.367830 11.818182
v 0.000000 -1.367830 11.818182
v 0.000000 -1.975310 10.636364
v 0.000000 -1.975310 10.636364
v 0.000000 -2.469506 9.454545
v 0.000000 -2.469506 9.454545
v 0.000000 -2.887352 8.272727
v 0.000000 -2.887352 8.272727
v 0.000000 -3.241966 7.090909
v 0.000000 -3.241966 7.090909
v 0.000000 -3.538954 5.909091
v 0.000000 -3.538954 5.909091
v 0.000000 -3.780814 4.727273
v 0.000000 -3.780814 4.727273
v 0.000000 -3.968605 3.545455
v 0.000000 -3.968605 3.545455
v 0.000000 -4.102698 2.363636
v 0.000000 -4.102698 2.363636
v 0.000000 -4.183170 1.181818
v 0.000000 -4.183170 1.181818
v 0.000000 -4.210000 0.000000
v 0.000000 -4.210000 0.000000
v 0.000000 -4.183170 -1.181818
v 0.000000 -4.183170 -1.181818
v 0.000000 -4.126996 -2.363636
v 0.000000 -4.126996 -2.363636
v 0.000000 -4.030506 -3.545455
v 0.000000 -4.030506 -3.545455
v 0.000000 -3.880319 -4.727273
v 0.000000 -3.880319 -4.727273
v 0.000000 -3.676061 -5.909091
v 0.000000 -3.676061 -5.909091
v 0.000000 -3.416676 -7.090909
v 0.000000 -3.416676 -7.090909
v 0.000000 -3.099666 -8.272727
v 0.000000 -3.099666 -8.272727
v 0.000000 -2.719423 -9.454545
v 0.000000 -2.719423 -9.454545
v 0.000000 -2.262831 -10.636364
v 0.000000 -2.262831 -10.636364
v 0.000000 -1.692953 -11.818182
v 0.000000 -1.692953 -11.818182
v 0.000000 -0.690000 -13.000000
v 0.000000 -0.340000 13.000000
v 0.152546 -1.342968 11.818182
v 0.152546 -1.342968 11.818182
v 0.270245 -1.891638 10.636364
v 0.270245 -1.891638 10.636364
v 0.371322 -2.333551 9.454545
v 0.371322 -2.333551 9.454545
v 0.473636 -2.724720 8.272727
v 0.473636 -2.724720 8.272727
v 0.577045 -3.056694 7.090909
v 0.577045 -3.056694 7.090909
v 0.681361 -3.334721 5.909091
v 0.681361 -3.334721 5.909091
v 0.789218 -3.561141 4.727273
v 0.789218 -3.561141 4.727273
v 0.926136 -3.736942 3.545455
v 0.926136 -3.736942 3.545455
v 1.080379 -3.862474 2.363636
v 1.080379 -3.862474 2.363636
v 1.264217 -3.937808 1.181818
v 1.264217 -3.937808 1.181818
v 1.444141 -3.962925 0.000000
v 1.444141 -3.962925 0.000000
v 1.619567 -3.937808 -1.181818
v 1.619567 -3.937808 -1.181818
v 1.790598 -3.877865 -2.363636
v 1.790598 -3.877865 -2.363636
v 1.955912 -3.772843 -3.545455
v 1.955912 -3.772843 -3.545455
v 2.155000 -3.612502 -4.727273
v 2.155000 -3.612502 -4.727273
v 2.347495 -3.397276 -5.909091
v 2.347495 -3.397276 -5.909091
v 2.411216 -3.133036 -7.090909
v 2.411216 -3.133036 -7.090909
v 2.323907 -2.823119 -8.272727
v 2.323907 -2.823119 -8.272727
v 2.102341 -2.466737 -9.454545
v 2.102341 -2.466737 -9.454545
v 1.706392 -2.060837 -10.636364
v 1.706392 -2.060837 -10.636364
v 1.117898 -1.574331 -11.818182
v 1.117898 -1.574331 -11.818182
v 0.337500 -0.684369 -13.000000
v 0.000000 -0.340000 13.000000
v 0.305093 -1.275357 11.818182
v 0.305093 -1.275357 11.818182
v 0.540490 -1.683266 10.636364
v 0.540490 -1.683266 10.636364
v 0.742644 -2.013383 9.454545
v 0.742644 -2.013383 9.454545
v 0.947273 -2.341730 8.272727
v 0.947273 -2.341730 8.272727
v 1.154091 -2.620388 7.090909
v 1.154091 -2.620388 7.090909
v 1.362722 -2.853764 5.909091
v 1.362722 -2.853764 5.909091
v 1.578437 -3.043820 4.727273
v 1.578437 -3.043820 4.727273
v 1.852273 -3.191387 3.545455
v 1.852273 -3.191387 3.545455
v 2.160758 -3.296759 2.363636
v 2.160758 -3.296759 2.363636
v 2.528434 -3.359995 1.181818
v 2.528434 -3.359995 1.181818
v 2.888281 -3.381078 0.000000
v 2.888281 -3.381078 0.000000
v 3.239134 -3.359995 -1.181818
v 3.239134 -3.359995 -1.181818
v 3.581196 -3.300671 -2.363636
v 3.581196 -3.300671 -2.363636
v 3.911824 -3.198391 -3.545455
v 3.911824 -3.198391 -3.545455
v 4.310000 -3.050884 -4.727273
v 4.310000 -3.050884 -4.727273
v 4.694990 -2.859705 -5.909091
v 4.694990 -2.859705 -5.909091
v 4.822433 -2.626758 -7.090909
v 4.822433 -2.626758 -7.090909
v 4.647815 -2.351526 -8.272727
v 4.647815 -2.351526 -8.272727
v 4.204682 -2.033541 -9.454545
v 4.204682 -2.033541 -9.454545
v 3.412784 -1.679789 -10.636364
v 3.412784 -1.679789 -10.636364
v 2.235795 -1.307231 -11.818182
v 2.235795 -1.307231 -11.818182
v 0.675000 -0.668013 -13.000000
v 0.000000 -0.340000 13.000000
v 0.457639 -1.173889 11.818182
v 0.457639 -1.173889 11.818182
v 0.810736 -1.430074 10.636364
v 0.810736 -1.430074 10.636364
v 1.113965 -1.664690 9.454545
v 1.113965 -1.664690 9.454545
v 1.420909 -1.924618 8.272727
v 1.420909 -1.924618 8.272727
v 1.731136 -2.145210 7.090909
v 1.731136 -2.145210 7.090909
v 2.044083 -2.329956 5.909091
v 2.044083 -2.329956 5.909091
v 2.367655 -2.480409 4.727273
v 2.367655 -2.480409 4.727273
v 2.778409 -2.597227 3.545455
v 2.778409 -2.597227 3.545455
v 3.241136 -2.680642 2.363636
v 3.241136 -2.680642 2.363636
v 3.792652 -2.730701 1.181818
v 3.792652 -2.730701 1.181818
v 4.332422 -2.747390 0.000000
v 4.332422 -2.747390 0.000000
v 4.858700 -2.730701 -1.181818
v 4.858700 -2.730701 -1.181818
v 5.371794 -2.681041 -2.363636
v 5.371794 -2.681041 -2.363636
v 5.867735 -2.597687 -3.545455
v 5.867735 -2.597687 -3.545455
v 6.465000 -2.480668 -4.727273
v 6.465000 -2.480668 -4.727273
v 7.042485 -2.330074 -5.909091
v 7.042485 -2.330074 -5.909091
v 7.233649 -2.145312 -7.090909
v 7.233649 -2.145312 -7.090909
v 6.971722 -1.924827 -8.272727
v 6.971722 -1.924827 -8.272727
v 6.307023 -1.665557 -9.454545
v 6.307023 -1.665557 -9.454545
v 5.119176 -1.364155 -10.636364
v 5.119176 -1.364155 -10.636364
v 3.353693 -1.044913 -11.818182
v 3.353693 -1.044913 -11.818182
v 1.012500 -0.642461 -13.000000
v 0.000000 -0.340000 13.000000
v 0.610185 -1.048696 11.818182
v 0.610185 -1.048696 11.818182
v 1.080981 -1.194509 10.636364
v 1.080981 -1.194509 10.636364
v 1.485287 -1.378395 9.454545
v 1.485287 -1.378395 9.454545
v 1.894545 -1.582146 8.272727
v 1.894545 -1.582146 8.272727
v 2.308182 -1.755064 7.090909
v 2.308182 -1.755064 7.090909
v 2.725443 -1.899882 5.909091
v 2.725443 -1.899882 5.909091
v 3.156874 -2.017819 4.727273
v 3.156874 -2.017819 4.727273
v 3.704545 -2.109389 3.545455
v 3.704545 -2.109389 3.545455
v 4.321515 -2.174776 2.363636
v 4.321515 -2.174776 2.363636
v 5.056869 -2.214016 1.181818
v 5.056869 -2.214016 1.181818
v 5.776562 -2.227099 0.000000
v 5.776562 -2.227099 0.000000
v 6.478267 -2.214016 -1.181818
v 6.478267 -2.214016 -1.181818
v 7.162392 -2.174793 -2.363636
v 7.162392 -2.174793 -2.363636
v 7.823647 -2.109400 -3.545455
v 7.823647 -2.109400 -3.545455
v 8.620000 -2.017821 -4.727273
v 8.620000 -2.017821 -4.727273
v 9.389979 -1.899882 -5.909091
v 9.389979 -1.899882 -5.909091
v 9.644865 -1.755064 -7.090909
v 9.644865 -1.755064 -7.090909
v 9.295629 -1.582147 -8.272727
v 9.295629 -1.582147 -8.272727
v 8.409364 -1.378406 -9.454545
v 8.409364 -1.378406 -9.454545
v 6.825568 -1.137792 -10.636364
v 6.825568 -1.137792 -10.636364
v 4.471591 -0.860050 -11.818182
v 4.471591 -0.860050 -11.818182
v 1.350000 -0.609997 -13.000000
v 0.000000 -0.340000 13.000000
v 0.762731 -0.909476 11.818182
v 0.762731 -0.909476 11.818182
v 1.351226 -0.994755 10.636364
v 1.351226 -0.994755 10.636364
v 1.856609 -1.151783 9.454545
v 1.856609 -1.151783 9.454545
v 2.368182 -1.311069 8.272727
v 2.368182 -1.311069 8.272727
v 2.885227 -1.446251 7.090909
v 2.885227 -1.446251 7.090909
v 3.406804 -1.559465 5.909091
v 3.406804 -1.559465 5.909091
v 3.946092 -1.651664 4.727273
v 3.946092 -1.651664 4.727273
v 4.630682 -1.723251 3.545455
v 4.630682 -1.723251 3.545455
v 5.401894 -1.774368 2.363636
v 5.401894 -1.774368 2.363636
v 6.321086 -1.805045 1.181818
v 6.321086 -1.805045 1.181818
v 7.220703 -1.815273 0.000000
v 7.220703 -1.815273 0.000000
v 8.097834 -1.805045 -1.181818
v 8.097834 -1.805045 -1.181818
v 8.952990 -1.774369 -2.363636
v 8.952990 -1.774369 -2.363636
v 9.779559 -1.723251 -3.545455
v 9.779559 -1.723251 -3.545455
v 10.775000 -1.123132 -4.727273
v 10.775000 -1.123132 -4.727273
v 11.737474 -1.060436 -5.909091
v 11.737474 -1.060436 -5.909091
v 12.056082 -0.983451 -7.090909
v 12.056082 -0.983451 -7.090909
v 11.619537 -0.891527 -8.272727
v 11.619537 -0.891527 -8.272727
v 10.511705 -0.783213 -9.454545
v 10.511705 -0.783213 -9.454545
v 8.531960 -0.655113 -10.636364
v 8.531960 -0.655113 -10.636364
v 5.589489 -0.500220 -11.818182
v 5.589489 -0.500220 -11.818182
v 1.687500 -0.389860 -13.000000
v 0.000000 -0.340000 13.000000
v 0.915278 -0.763679 11.818182
v 0.915278 -0.763679 11.818182
v 1.621471 -0.817371 10.636364
v 1.621471 -0.817371 10.636364
v 2.227931 -0.945076 9.454545
v 2.227931 -0.945076 9.454545
v 2.841818 -1.063803 8.272727
v 2.841818 -1.063803 8.272727
v 3.462273 -1.164562 7.090909
v 3.462273 -1.164562 7.090909
v 4.088165 -1.248948 5.909091
v 4.088165 -1.248948 5.909091
v 4.735310 -1.317670 4.727273
v 4.735310 -1.317670 4.727273
v 5.556818 -1.371029 3.545455
v 5.556818 -1.371029 3.545455
v 6.482273 -1.409130 2.363636
v 6.482273 -1.409130 2.363636
v 7.585303 -1.431995 1.181818
v 7.585303 -1.431995 1.181818
v 8.664844 -1.439619 0.000000
v 8.664844 -1.439619 0.000000
v 9.717401 -1.431995 -1.181818
v 9.717401 -1.431995 -1.181818
v 10.743588 -1.409130 -2.363636
v 10.743588 -1.409130 -2.363636
v 11.735471 -1.371029 -3.545455
v 11.735471 -1.371029 -3.545455
v 12.930000 -0.896016 -4.727273
v 12.930000 -0.896016 -4.727273
v 14.084969 -0.849285 -5.909091
v 14.084969 -0.849285 -5.909091
v 14.467298 -0.791902 -7.090909
v 14.467298 -0.791902 -7.090909
v 13.943444 -0.723386 -8.272727
v 13.943444 -0.723386 -8.272727
v 12.614045 -0.642652 -9.454545
v 12.614045 -0.642652 -9.454545
v 10.238352 -0.547166 -10.636364
v 10.238352 -0.547166 -10.636364
v 6.707386 -0.430157 -11.818182
v 6.707386 -0.430157 -11.818182
v 2.025000 -0.363934 -13.000000
v 0.000000 -0.340000 13.000000
v 1.067824 -0.615595 11.818182
v 1.067824 -0.615595 11.818182
v 1.891717 -0.642060 10.636364
v 1.891717 -0.642060 10.636364
v 2.599252 -0.728234 9.454545
v 2.599252 -0.728234 9.454545
v 3.315455 -0.804412 8.272727
v 3.315455 -0.804412 8.272727
v 4.039318 -0.869062 7.090909
v 4.039318 -0.869062 7.090909
v 4.769526 -0.923207 5.909091
v 4.769526 -0.923207 5.909091
v 5.524529 -0.967301 4.727273
v 5.524529 -0.967301 4.727273
v 6.482955 -1.001537 3.545455
v 6.482955 -1.001537 3.545455
v 7.562652 -1.025984 2.363636
v 7.562652 -1.025984 2.363636
v 8.849520 -1.040655 1.181818
v 8.849520 -1.040655 1.181818
v 10.108984 -1.045546 0.000000
v 10.108984 -1.045546 0.000000
v 11.336967 -1.040655 -1.181818
v 11.336967 -1.040655 -1.181818
v 12.534186 -1.025984 -2.363636
v 12.534186 -1.025984 -2.363636
v 13.691383 -1.001537 -3.545455
v 13.691383 -1.001537 -3.545455
v 15.085000 -0.657764 -4.727273
v 15.085000 -0.657764 -4.727273
v 16.432464 -0.627780 -5.909091
v 16.432464 -0.627780 -5.909091
v 16.878514 -0.590962 -7.090909
v 16.878514 -0.590962 -7.090909
v 16.267351 -0.547000 -8.272727
v 16.267351 -0.547000 -8.272727
v 14.716386 -0.495199 -9.454545
v 14.716386 -0.495199 -9.454545
v 11.944744 -0.433933 -10.636364
v 11.944744 -0.433933 -10.636364
v 7.825284 -0.358658 -11.818182
v 7.825284 -0.358658 -11.818182
v 2.362500 -0.338699 -13.000000
v 0.000000 -0.340000 13.000000
v 1.220370 -0.466474 11.818182
v 1.220370 -0.466474 11.818182
v 2.161962 -0.455153 10.636364
v 2.161962 -0.455153 10.636364
v 2.970574 -0.488726 9.454545
v 2.970574 -0.488726 9.454545
v 3.789091 -0.517909 8.272727
v 3.789091 -0.517909 8.272727
v 4.616364 -0.542675 7.090909
v 4.616364 -0.542675 7.090909
v 5.450887 -0.563417 5.909091
v 5.450887 -0.563417 5.909091
v 6.313747 -0.580309 4.727273
v 6.313747 -0.580309 4.727273
v 7.409091 -0.593424 3.545455
v 7.409091 -0.593424 3.545455
v 8.643030 -0.602790 2.363636
v 8.643030 -0.602790 2.363636
v 10.113737 -0.608410 1.181818
v 10.113737 -0.608410 1.181818
v 11.553125 -0.610284 0.000000
v 11.553125 -0.610284 0.000000
v 12.956534 -0.608410 -1.181818
v 12.956534 -0.608410 -1.181818
v 14.324784 -0.602790 -2.363636
v 14.324784 -0.602790 -2.363636
v 15.647294 -0.593424 -3.545455
v 15.647294 -0.593424 -3.545455
v 17.240000 -0.394610 -4.727273
v 17.240000 -0.394610 -4.727273
v 18.779959 -0.383124 -5.909091
v 18.779959 -0.383124 -5.909091
v 19.289731 -0.369019 -7.090909
v 19.289731 -0.369019 -7.090909
v 18.591259 -0.352178 -8.272727
v 18.591259 -0.352178 -8.272727
v 16.818727 -0.332334 -9.454545
v 16.818727 -0.332334 -9.454545
v 13.651136 -0.308864 -10.636364
v 13.651136 -0.308864 -10.636364
v 8.943182 -0.280016 -11.818182
v 8.943182 -0.280016 -11.818182
v 2.700000 -0.315483 -13.000000
v -1.220370 0.466474 11.818182
v -1.067824 0.615595 11.818182
v -1.067824 0.615595 11.818182
v -0.915278 0.763679 11.818182
v -0.915278 0.763679 11.818182
v -0.762731 0.909476 11.818182
v -0.762731 0.909476 11.818182
v -0.610185 1.048696 11.818182
v -0.610185 1.048696 11.818182
v -0.457639 1.173889 11.818182
v -0.457639 1.173889 11.818182
v -0.305093 1.275357 11.818182
v -0.305093 1.275357 11.818182
v -0.152546 1.342968 11.818182
v -0.152546 1.342968 11.818182
v 0.000000 1.367830 11.818182
v 0.000000 1.367830 11.818182
v 0.152546 1.342968 11.818182
v 0.152546 1.342968 11.818182
v 0.305093 1.275357 11.818182
v 0.305093 1.275357 11.818182
v 0.457639 1.173889 11.818182
v 0.457639 1.173889 11.818182
v 0.610185 1.048696 11.818182
v 0.610185 1.048696 11.818182
v 0.762731 0.909476 11.818182
v 0.762731 0.909476 11.818182
v 0.915278 0.763679 11.818182
v 0.915278 0.763679 11.818182
v 1.067824 0.615595 11.818182
v 1.067824 0.615595 11.818182
v 1.220370 0.466474 11.818182
v -2.161962 0.455153 10.636364
v -1.891717 0.642060 10.636364
v -1.891717 0.642060 10.636364
v -1.621471 0.817371 10.636364
v -1.621471 0.817371 10.636364
v -1.351226 0.994755 10.636364
v -1.351226 0.994755 10.636364
v -1.080981 1.194509 10.636364
v -1.080981 1.194509 10.636364
v -0.810736 1.430074 10.636364
v -0.810736 1.430074 10.636364
v -0.540490 1.683266 10.636364
v -0.540490 1.683266 10.636364
v -0.270245 1.891638 10.636364
v -0.270245 1.891638 10.636364
v 0.000000 1.975310 10.636364
v 0.000000 1.975310 10.636364
v 0.270245 1.891638 10.636364
v 0.270245 1.891638 10.636364
v 0.540490 1.683266 10.636364
v 0.540490 1.683266 10.636364
v 0.810736 1.430074 10.636364
v 0.810736 1.430074 10.636364
v 1.080981 1.194509 10.636364
v 1.080981 1.194509 10.636364
v 1.351226 0.994755 10.636364
v 1.351226 0.994755 10.636364
v 1.621471 0.817371 10.636364
v 1.621471 0.817371 10.636364
v 1.891717 0.642060 10.636364
v 1.891717 0.642060 10.636364
v 2.161962 0.455153 10.636364
v -2.970574 0.488726 9.454545
v -2.599252 0.728234 9.454545
v -2.599252 0.728234 9.454545
v -2.227931 0.945076 9.454545
v -2.227931 0.945076 9.454545
v -1.856609 1.151783 9.454545
v -1.856609 1.151783 9.454545
v -1.485287 1.378395 9.454545
v -1.485287 1.378395 9.454545
v -1.113965 1.664690 9.454545
v -1.113965 1.664690 9.454545
v -0.742644 2.013383 9.454545
v -0.742644 2.013383 9.454545
v -0.371322 2.333551 9.454545
v -0.371322 2.333551 9.454545
v 0.000000 2.469506 9.454545
v 0.000000 2.469506 9.454545
v 0.371322 2.333551 9.454545
v 0.371322 2.333551 9.454545
v 0.742644 2.013383 9.454545
v 0.742644 2.013383 9.454545
v 1.113965 1.664690 9.454545
v 1.113965 1.664690 9.454545
v 1.485287 1.378395 9.454545
v 1.485287 1.378395 9.454545
v 1.856609 1.151783 9.454545
v 1.856609 1.151783 9.454545
v 2.227931 0.945076 9.454545
v 2.227931 0.945076 9.454545
v 2.599252 0.728234 9.454545
v 2.599252 0.728234 9.454545
v 2.970574 0.488726 9.454545
v -3.789091 0.517909 8.272727
v -3.315455 0.804412 8.272727
v -3.315455 0.804412 8.272727
v -2.841818 1.063803 8.272727
v -2.841818 1.063803 8.272727
v -2.368182 1.311069 8.272727
v -2.368182 1.311069 8.272727
v -1.894545 1.582146 8.272727
v -1.894545 1.582146 8.272727
v -1.420909 1.924618 8.272727
v -1.420909 1.924618 8.272727
v -0.947273 2.341730 8.272727
v -0.947273 2.341730 8.272727
v -0.473636 2.724720 8.272727
v -0.473636 2.724720 8.272727
v 0.000000 2.887352 8.272727
v 0.000000 2.887352 8.272727
v 0.473636 2.724720 8.272727
v 0.473636 2.724720 8.272727
v 0.947273 2.341730 8.272727
v 0.947273 2.341730 8.272727
v 1.420909 1.924618 8.272727
v 1.420909 1.924618 8.272727
v 1.894545 1.582146 8.272727
v 1.894545 1.582146 8.272727
v 2.368182 1.311069 8.272727
v 2.368182 1.311069 8.272727
v 2.841818 1.063803 8.272727
v 2.841818 1.063803 8.272727
v 3.315455 0.804412 8.272727
v 3.315455 0.804412 8.272727
v 3.789091 0.517909 8.272727
v -4.616364 0.542675 7.090909
v -4.039318 0.869062 7.090909
v -4.039318 0.869062 7.090909
v -3.462273 1.164562 7.090909
v -3.462273 1.164562 7.090909
v -2.885227 1.446251 7.090909
v -2.885227 1.446251 7.090909
v -2.308182 1.755064 7.090909
v -2.308182 1.755064 7.090909
v -1.731136 2.145210 7.090909
v -1.731136 2.145210 7.090909
v -1.154091 2.620388 7.090909
v -1.154091 2.620388 7.090909
v -0.577045 3.056694 7.090909
v -0.577045 3.056694 7.090909
v 0.000000 3.241966 7.090909
v 0.000000 3.241966 7.090909
v 0.577045 3.056694 7.090909
v 0.577045 3.056694 7.090909
v 1.154091 2.620388 7.090909
v 1.154091 2.620388 7.090909
v 1.731136 2.145210 7.090909
v 1.731136 2.145210 7.090909
v 2.308182 1.755064 7.090909
v 2.308182 1.755064 7.090909
v 2.885227 1.446251 7.090909
v 2.885227 1.446251 7.090909
v 3.462273 1.164562 7.090909
v 3.462273 1.164562 7.090909
v 4.039318 0.869062 7.090909
v 4.039318 0.869062 7.090909
v 4.616364 0.542675 7.090909
v -5.450887 0.563417 5.909091
v -4.769526 0.923207 5.909091
v -4.769526 0.923207 5.909091
v -4.088165 1.248948 5.909091
v -4.088165 1.248948 5.909091
v -3.406804 1.559465 5.909091
v -3.406804 1.559465 5.909091
v -2.725443 1.899882 5.909091
v -2.725443 1.899882 5.909091
v -2.044083 2.329956 5.909091
v -2.044083 2.329956 5.909091
v -1.362722 2.853764 5.909091
v -1.362722 2.853764 5.909091
v -0.681361 3.334721 5.909091
v -0.681361 3.334721 5.909091
v 0.000000 3.538954 5.909091
v 0.000000 3.538954 5.909091
v 0.681361 3.334721 5.909091
v 0.681361 3.334721 5.909091
v 1.362722 2.853764 5.909091
v 1.362722 2.853764 5.909091
v 2.044083 2.329956 5.909091
v 2.044083 2.329956 5.909091
v 2.725443 1.899882 5.909091
v 2.725443 1.899882 5.909091
v 3.406804 1.559465 5.909091
v 3.406804 1.559465 5.909091
v 4.088165 1.248948 5.909091
v 4.088165 1.248948 5.909091
v 4.769526 0.923207 5.909091
v 4.769526 0.923207 5.909091
v 5.450887 0.563417 5.909091
v -6.313747 0.580309 4.727273
v -5.524529 0.967301 4.727273
v -5.524529 0.967301 4.727273
v -4.735310 1.317670 4.727273
v -4.735310 1.317670 4.727273
v -3.946092 1.651664 4.727273
v -3.946092 1.651664 4.727273
v -3.156874 2.017819 4.727273
v -3.156874 2.017819 4.727273
v -2.367655 2.480409 4.727273
v -2.367655 2.480409 4.727273
v -1.578437 3.043820 4.727273
v -1.578437 3.043820 4.727273
v -0.789218 3.561141 4.727273
v -0.789218 3.561141 4.727273
v 0.000000 3.780814 4.727273
v 0.000000 3.780814 4.727273
v 0.789218 3.561141 4.727273
v 0.789218 3.561141 4.727273
v 1.578437 3.043820 4.727273
v 1.578437 3.043820 4.727273
v 2.367655 2.480409 4.727273
v 2.367655 2.480409 4.727273
v 3.156874 2.017819 4.727273
v 3.156874 2.017819 4.727273
v 3.946092 1.651664 4.727273
v 3.946092 1.651664 4.727273
v 4.735310 1.317670 4.727273
v 4.735310 1.317670 4.727273
v 5.524529 0.967301 4.727273
v 5.524529 0.967301 4.727273
v 6.313747 0.580309 4.727273
v -7.409091 0.593424 3.545455
v -6.482955 1.001537 3.545455
v -6.482955 1.001537 3.545455
v -5.556818 1.371029 3.545455
v -5.556818 1.371029 3.545455
v -4.630682 1.723251 3.545455
v -4.630682 1.723251 3.545455
v -3.704545 2.109389 3.545455
v -3.704545 2.109389 3.545455
v -2.778409 2.597227 3.545455
v -2.778409 2.597227 3.545455
v -1.852273 3.191387 3.545455
v -1.852273 3.191387 3.545455
v -0.926136 3.736942 3.545455
v -0.926136 3.736942 3.545455
v 0.000000 3.968605 3.545455
v 0.000000 3.968605 3.545455
v 0.926136 3.736942 3.545455
v 0.926136 3.736942 3.545455
v 1.852273 3.191387 3.545455
v 1.852273 3.191387 3.545455
v 2.778409 2.597227 3.545455
v 2.778409 2.597227 3.545455
v 3.704545 2.109389 3.545455
v 3.704545 2.109389 3.545455
v 4.630682 1.723251 3.545455
v 4.630682 1.723251 3.545455
v 5.556818 1.371029 3.545455
v 5.556818 1.371029 3.545455
v 6.482955 1.001537 3.545455
v 6.482955 1.001537 3.545455
v 7.409091 0.593424 3.545455
v -8.643030 0.602790 2.363636
v -7.562652 1.025984 2.363636
v -7.562652 1.025984 2.363636
v -6.482273 1.409130 2.363636
v -6.482273 1.409130 2.363636
v -5.401894 1.774368 2.363636
v -5.401894 1.774368 2.363636
v -4.321515 2.174776 2.363636
v -4.321515 2.174776 2.363636
v -3.241136 2.680642 2.363636
v -3.241136 2.680642 2.363636
v -2.160758 3.296759 2.363636
v -2.160758 3.296759 2.363636
v -1.080379 3.862474 2.363636
v -1.080379 3.862474 2.363636
v 0.000000 4.102698 2.363636
v 0.000000 4.102698 2.363636
v 1.080379 3.862474 2.363636
v 1.080379 3.862474 2.363636
v 2.160758 3.296759 2.363636
v 2.160758 3.296759 2.363636
v 3.241136 2.680642 2.363636
v 3.241136 2.680642 2.363636
v 4.321515 2.174776 2.363636
v 4.321515 2.174776 2.363636
v 5.401894 1.774368 2.363636
v 5.401894 1.774368 2.363636
v 6.482273 1.409130 2.363636
v 6.482273 1.409130 2.363636
v 7.562652 1.025984 2.363636
v 7.562652 1.025984 2.363636
v 8.643030 0.602790 2.363636
v -10.113737 0.608410 1.181818
v -8.849520 1.040655 1.181818
v -8.849520 1.040655 1.181818
v -7.585303 1.431995 1.181818
v -7.585303 1.431995 1.181818
v -6.321086 1.805045 1.181818
v -6.321086 1.805045 1.181818
v -5.056869 2.214016 1.181818
v -5.056869 2.214016 1.181818
v -3.792652 2.730701 1.181818
v -3.792652 2.730701 1.181818
v -2.528434 3.359995 1.181818
v -2.528434 3.359995 1.181818
v -1.264217 3.937808 1.181818
v -1.264217 3.937808 1.181818
v 0.000000 4.183170 1.181818
v 0.000000 4.183170 1.181818
v 1.264217 3.937808 1.181818
v 1.264217 3.937808 1.181818
v 2.528434 3.359995 1.181818
v 2.528434 3.359995 1.181818
v 3.792652 2.730701 1.181818
v 3.792652 2.730701 1.181818
v 5.056869 2.214016 1.181818
v 5.056869 2.214016 1.181818
v 6.321086 1.805045 1.181818
v 6.321086 1.805045 1.181818
v 7.585303 1.431995 1.181818
v 7.585303 1.431995 1.181818
v 8.849520 1.040655 1.181818
v 8.849520 1.040655 1.181818
v 10.113737 0.608410 1.181818
v -11.553125 0.610284 0.000000
v -10.108984 1.045546 0.000000
v -10.108984 1.045546 0.000000
v -8.664844 1.439619 0.000000
v -8.664844 1.439619 0.000000
v -7.220703 1.815273 0.000000
v -7.220703 1.815273 0.000000
v -5.776562 2.227099 0.000000
v -5.776562 2.227099 0.000000
v -4.332422 2.747390 0.000000
v -4.332422 2.747390 0.000000
v -2.888281 3.381078 0.000000
v -2.888281 3.381078 0.000000
v -1.444141 3.962925 0.000000
v -1.444141 3.962925 0.000000
v 0.000000 4.210000 0.000000
v 0.000000 4.210000 0.000000
v 1.444141 3.962925 0.000000
v 1.444141 3.962925 0.000000
v 2.888281 3.381078 0.000000
v 2.888281 3.381078 0.000000
v 4.332422 2.747390 0.000000
v 4.332422 2.747390 0.000000
v 5.776562 2.227099 0.000000
v 5.776562 2.227099 0.000000
v 7.220703 1.815273 0.000000
v 7.220703 1.815273 0.000000
v 8.664844 1.439619 0.000000
v 8.664844 1.439619 0.000000
v 10.108984 1.045546 0.000000
v 10.108984 1.045546 0.000000
v 11.553125 0.610284 0.000000
v -12.956534 0.608410 -1.181818
v -11.336967 1.040655 -1.181818
v -11.336967 1.040655 -1.181818
v -9.717401 1.431995 -1.181818
v -9.717401 1.431995 -1.181818
v -8.097834 1.805045 -1.181818
v -8.097834 1.805045 -1.181818
v -6.478267 2.214016 -1.181818
v -6.478267 2.214016 -1.181818
v -4.858700 2.730701 -1.181818
v -4.858700 2.730701 -1.181818
v -3.239134 3.359995 -1.181818
v -3.239134 3.359995 -1.181818
v -1.619567 3.937808 -1.181818
v -1.619567 3.937808 -1.181818
v 0.000000 4.183170 -1.181818
v 0.000000 4.183170 -1.181818
v 1.619567 3.937808 -1.181818
v 1.619567 3.937808 -1.181818
v 3.239134 3.359995 -1.181818
v 3.239134 3.359995 -1.181818
v 4.858700 2.730701 -1.181818
v 4.858700 2.730701 -1.181818
v 6.478267 2.214016 -1.181818
v 6.478267 2.214016 -1.181818
v 8.097834 1.805045 -1.181818
v 8.097834 1.805045 -1.181818
v 9.717401 1.431995 -1.181818
v 9.717401 1.431995 -1.181818
v 11.336967 1.040655 -1.181818
v 11.336967 1.040655 -1.181818
v 12.956534 0.608410 -1.181818
v -14.324784 0.602790 -2.363636
v -12.534186 1.025984 -2.363636
v -12.534186 1.025984 -2.363636
v -10.743588 1.409130 -2.363636
v -10.743588 1.409130 -2.363636
v -8.952990 1.774369 -2.363636
v -8.952990 1.774369 -2.363636
v -7.162392 2.174793 -2.363636
v -7.162392 2.174793 -2.363636
v -5.371794 2.681041 -2.363636
v -5.371794 2.681041 -2.363636
v -3.581196 3.300671 -2.363636
v -3.581196 3.300671 -2.363636
v -1.790598 3.877865 -2.363636
v -1.790598 3.877865 -2.363636
v 0.000000 4.126996 -2.363636
v 0.000000 4.126996 -2.363636
v 1.790598 3.877865 -2.363636
v 1.790598 3.877865 -2.363636
v 3.581196 3.300671 -2.363636
v 3.581196 3.300671 -2.363636
v 5.371794 2.681041 -2.363636
v 5.371794 2.681041 -2.363636
v 7.162392 2.174793 -2.363636
v 7.162392 2.174793 -2.363636
v 8.952990 1.774369 -2.363636
v 8.952990 1.774369 -2.363636
v 10.743588 1.409130 -2.363636
v 10.743588 1.409130 -2.363636
v 12.534186 1.025984 -2.363636
v 12.534186 1.025984 -2.363636
v 14.324784 0.602790 -2.363636
v -15.647294 0.593424 -3.545455
v -13.691383 1.001537 -3.545455
v -13.691383 1.001537 -3.545455
v -11.735471 1.371029 -3.545455
v -11.735471 1.371029 -3.545455
v -9.779559 1.723251 -3.545455
v -9.779559 1.723251 -3.545455
v -7.823647 2.109400 -3.545455
v -7.823647 2.109400 -3.545455
v -5.867735 2.597687 -3.545455
v -5.867735 2.597687 -3.545455
v -3.911824 3.198391 -3.545455
v -3.911824 3.198391 -3.545455
v -1.955912 3.772843 -3.545455
v -1.955912 3.772843 -3.545455
v 0.000000 4.030506 -3.545455
v 0.000000 4.030506 -3.545455
v 1.955912 3.772843 -3.545455
v 1.955912 3.772843 -3.545455
v 3.911824 3.198391 -3.545455
v 3.911824 3.198391 -3.545455
v 5.867735 2.597687 -3.545455
v 5.867735 2.597687 -3.545455
v 7.823647 2.109400 -3.545455
v 7.823647 2.109400 -3.545455
v 9.779559 1.723251 -3.545455
v 9.779559 1.723251 -3.545455
v 11.735471 1.371029 -3.545455
v 11.735471 1.371029 -3.545455
v 13.691383 1.001537 -3.545455
v 13.691383 1.001537 -3.545455
v 15.647294 0.593424 -3.545455
v -17.240000 0.394610 -4.727273
v -15.085000 0.657764 -4.727273
v -15.085000 0.657764 -4.727273
v -12.930000 0.896016 -4.727273
v -12.930000 0.896016 -4.727273
v -10.775000 1.123132 -4.727273
v -10.775000 1.123132 -4.727273
v -8.620000 2.017821 -4.727273
v -8.620000 2.017821 -4.727273
v -6.465000 2.480668 -4.727273
v -6.465000 2.480668 -4.727273
v -4.310000 3.050884 -4.727273
v -4.310000 3.050884 -4.727273
v -2.155000 3.612502 -4.727273
v -2.155000 3.612502 -4.727273
v 0.000000 3.880319 -4.727273
v 0.000000 3.880319 -4.727273
v 2.155000 3.612502 -4.727273
v 2.155000 3.612502 -4.727273
v 4.310000 3.050884 -4.727273
v 4.310000 3.050884 -4.727273
v 6.465000 2.480668 -4.727273
v 6.465000 2.480668 -4.727273
v 8.620000 2.017821 -4.727273
v 8.620000 2.017821 -4.727273
v 10.775000 1.123132 -4.727273
v 10.775000 1.123132 -4.727273
v 12.930000 0.896016 -4.727273
v 12.930000 0.896016 -4.727273
v 15.085000 0.657764 -4.727273
v 15.085000 0.657764 -4.727273
v 17.240000 0.394610 -4.727273
v -18.779959 0.383124 -5.909091
v -16.432464 0.627780 -5.909091
v -16.432464 0.627780 -5.909091
v -14.084969 0.849285 -5.909091
v -14.084969 0.849285 -5.909091
v -11.737474 1.060436 -5.909091
v -11.737474 1.060436 -5.909091
v -9.389979 1.899882 -5.909091
v -9.389979 1.899882 -5.909091
v -7.042485 2.330074 -5.909091
v -7.042485 2.330074 -5.909091
v -4.694990 2.859705 -5.909091
v -4.694990 2.859705 -5.909091
v -2.347495 3.397276 -5.909091
v -2.347495 3.397276 -5.909091
v 0.000000 3.676061 -5.909091
v 0.000000 3.676061 -5.909091
v 2.347495 3.397276 -5.909091
v 2.347495 3.397276 -5.909091
v 4.694990 2.859705 -5.909091
v 4.694990 2.859705 -5.909091
v 7.042485 2.330074 -5.909091
v 7.042485 2.330074 -5.909091
v 9.389979 1.899882 -5.909091
v 9.389979 1.899882 -5.909091
v 11.737474 1.060436 -5.909091
v 11.737474 1.060436 -5.909091
v 14.084969 0.849285 -5.909091
v 14.084969 0.849285 -5.909091
v 16.432464 0.627780 -5.909091
v 16.432464 0.627780 -5.909091
v 18.779959 0.383124 -5.909091
v -19.289731 0.369019 -7.090909
v -16.878514 0.590962 -7.090909
v -16.878514 0.590962 -7.090909
v -14.467298 0.791902 -7.090909
v -14.467298 0.791902 -7.090909
v -12.056082 0.983451 -7.090909
v -12.056082 0.983451 -7.090909
v -9.644865 1.755064 -7.090909
v -9.644865 1.755064 -7.090909
v -7.233649 2.145312 -7.090909
v -7.233649 2.145312 -7.090909
v -4.822433 2.626758 -7.090909
v -4.822433 2.626758 -7.090909
v -2.411216 3.133036 -7.090909
v -2.411216 3.133036 -7.090909
v 0.000000 3.416676 -7.090909
v 0.000000 3.416676 -7.090909
v 2.411216 3.133036 -7.090909
v 2.411216 3.133036 -7.090909
v 4.822433 2.626758 -7.090909
v 4.822433 2.626758 -7.090909
v 7.233649 2.145312 -7.090909
v 7.233649 2.145312 -7.090909
v 9.644865 1.755064 -7.090909
v 9.644865 1.755064 -7.090909
v 12.056082 0.983451 -7.090909
v 12.056082 0.983451 -7.090909
v 14.467298 0.791902 -7.090909
v 14.467298 0.791902 -7.090909
v 16.878514 0.590962 -7.090909
v 16.878514 0.590962 -7.090909
v 19.289731 0.369019 -7.090909
v -18.591259 0.352178 -8.272727
v -16.267351 0.547000 -8.272727
v -16.267351 0.547000 -8.272727
v -13.943444 0.723386 -8.272727
v -13.943444 0.723386 -8.272727
v -11.619537 0.891527 -8.272727
v -11.619537 0.891527 -8.272727
v -9.295629 1.582147 -8.272727
v -9.295629 1.582147 -8.272727
v -6.971722 1.924827 -8.272727
v -6.971722 1.924827 -8.272727
v -4.647815 2.351526 -8.272727
v -4.647815 2.351526 -8.272727
v -2.323907 2.823119 -8.272727
v -2.323907 2.823119 -8.272727
v 0.000000 3.099666 -8.272727
v 0.000000 3.099666 -8.272727
v 2.323907 2.823119 -8.272727
v 2.323907 2.823119 -8.272727
v 4.647815 2.351526 -8.272727
v 4.647815 2.351526 -8.272727
v 6.971722 1.924827 -8.272727
v 6.971722 1.924827 -8.272727
v 9.295629 1.582147 -8.272727
v 9.295629 1.582147 -8.272727
v 11.619537 0.891527 -8.272727
v 11.619537 0.891527 -8.272727
v 13.943444 0.723386 -8.272727
v 13.943444 0.723386 -8.272727
v 16.267351 0.547000 -8.272727
v 16.267351 0.547000 -8.272727
v 18.591259 0.352178 -8.272727
v -16.818727 0.332334 -9.454545
v -14.716386 0.495199 -9.454545
v -14.716386 0.495199 -9.454545
v -12.614045 0.642652 -9.454545
v -12.614045 0.642652 -9.454545
v -10.511705 0.783213 -9.454545
v -10.511705 0.783213 -9.454545
v -8.409364 1.378406 -9.454545
v -8.409364 1.378406 -9.454545
v -6.307023 1.665557 -9.454545
v -6.307023 1.665557 -9.454545
v -4.204682 2.033541 -9.454545
v -4.204682 2.033541 -9.454545
v -2.102341 2.466737 -9.454545
v -2.102341 2.466737 -9.454545
v 0.000000 2.719423 -9.454545
v 0.000000 2.719423 -9.454545
v 2.102341 2.466737 -9.454545
v 2.102341 2.466737 -9.454545
v 4.204682 2.033541 -9.454545
v 4.204682 2.033541 -9.454545
v 6.307023 1.665557 -9.454545
v 6.307023 1.665557 -9.454545
v 8.409364 1.378406 -9.454545
v 8.409364 1.378406 -9.454545
v 10.511705 0.783213 -9.454545
v 10.511705 0.783213 -9.454545
v 12.614045 0.642652 -9.454545
v 12.614045 0.642652 -9.454545
v 14.716386 0.495199 -9.454545
v 14.716386 0.495199 -9.454545
v 16.818727 0.332334 -9.454545
v -13.651136 0.308864 -10.636364
v -11.944744 0.433933 -10.636364
v -11.944744 0.433933 -10.636364
v -10.238352 0.547166 -10.636364
v -10.238352 0.547166 -10.636364
v -8.531960 0.655113 -10.636364
v -8.531960 0.655113 -10.636364
v -6.825568 1.137792 -10.636364
v -6.825568 1.137792 -10.636364
v -5.119176 1.364155 -10.636364
v -5.119176 1.364155 -10.636364
v -3.412784 1.679789 -10.636364
v -3.412784 1.679789 -10.636364
v -1.706392 2.060837 -10.636364
v -1.706392 2.060837 -10.636364
v 0.000000 2.262831 -10.636364
v 0.000000 2.262831 -10.636364
v 1.706392 2.060837 -10.636364
v 1.706392 2.060837 -10.636364
v 3.412784 1.679789 -10.636364
v 3.412784 1.679789 -10.636364
v 5.119176 1.364155 -10.636364
v 5.119176 1.364155 -10.636364
v 6.825568 1.137792 -10.636364
v 6.825568 1.137792 -10.636364
v 8.531960 0.655113 -10.636364
v 8.531960 0.655113 -10.636364
v 10.238352 0.547166 -10.636364
v 10.238352 0.547166 -10.636364
v 11.944744 0.433933 -10.636364
v 11.944744 0.433933 -10.636364
v 13.651136 0.308864 -10.636364
v -8.943182 0.280016 -11.818182
v -7.825284 0.358658 -11.818182
v -7.825284 0.358658 -11.818182
v -6.707386 0.430157 -11.818182
v -6.707386 0.430157 -11.818182
v -5.589489 0.500220 -11.818182
v -5.589489 0.500220 -11.818182
v -4.471591 0.860050 -11.818182
v -4.471591 0.860050 -11.818182
v -3.353693 1.044913 -11.818182
v -3.353693 1.044913 -11.818182
v -2.235795 1.307231 -11.818182
v -2.235795 1.307231 -11.818182
v -1.117898 1.574331 -11.818182
v -1.117898 1.574331 -11.818182
v 0.000000 1.692953 -11.818182
v 0.000000 1.692953 -11.818182
v 1.117898 1.574331 -11.818182
v 1.117898 1.574331 -11.818182
v 2.235795 1.307231 -11.818182
v 2.235795 1.307231 -11.818182
v 3.353693 1.044913 -11.818182
v 3.353693 1.044913 -11.818182
v 4.471591 0.860050 -11.818182
v 4.471591 0.860050 -11.818182
v 5.589489 0.500220 -11.818182
v 5.589489 0.500220 -11.818182
v 6.707386 0.430157 -11.818182
v 6.707386 0.430157 -11.818182
v 7.825284 0.358658 -11.818182
v 7.825284 0.358658 -11.818182
v 8.943182 0.280016 -11.818182
v -1.220370 -0.466474 11.818182
v -1.067824 -0.615595 11.818182
v -1.067824 -0.615595 11.818182
v -0.915278 -0.763679 11.818182
v -0.915278 -0.763679 11.818182
v -0.762731 -0.909476 11.818182
v -0.762731 -0.909476 11.818182
v -0.610185 -1.048696 11.818182
v -0.610185 -1.048696 11.818182
v -0.457639 -1.173889 11.818182
v -0.457639 -1.173889 11.818182
v -0.305093 -1.275357 11.818182
v -0.305093 -1.275357 11.818182
v -0.152546 -1.342968 11.818182
v -0.152546 -1.342968 11.818182
v 0.000000 -1.367830 11.818182
v 0.000000 -1.367830 11.818182
v 0.152546 -1.342968 11.818182
v 0.152546 -1.342968 11.818182
v 0.305093 -1.275357 11.818182
v 0.305093 -1.275357 11.818182
v 0.457639 -1.173889 11.818182
v 0.457639 -1.173889 11.818182
v 0.610185 -1.048696 11.818182
v 0.610185 -1.048696 11.818182
v 0.762731 -0.909476 11.818182
v 0.762731 -0.909476 11.818182
v 0.915278 -0.763679 11.818182
v 0.915278 -0.763679 11.818182
v 1.067824 -0.615595 11.818182
v 1.067824 -0.615595 11.818182
v 1.220370 -0.466474 11.818182
v -2.161962 -0.455153 10.636364
v -1.891717 -0.642060 10.636364
v -1.891717 -0.642060 10.636364
v -1.621471 -0.817371 10.636364
v -1.621471 -0.817371 10.636364
v -1.351226 -0.994755 10.636364
v -1.351226 -0.994755 10.636364
v -1.080981 -1.194509 10.636364
v -1.080981 -1.194509 10.636364
v -0.810736 -1.430074 10.636364
v -0.810736 -1.430074 10.636364
v -0.540490 -1.683266 10.636364
v -0.540490 -1.683266 10.636364
v -0.270245 -1.891638 10.636364
v -0.270245 -1.891638 10.636364
v 0.000000 -1.975310 10.636364
v 0.000000 -1.975310 10.636364
v 0.270245 -1.891638 10.636364
v 0.270245 -1.891638 10.636364
v 0.540490 -1.683266 10.636364
v 0.540490 -1.683266 10.636364
v 0.810736 -1.430074 10.636364
v 0.810736 -1.430074 10.636364
v 1.080981 -1.194509 10.636364
v 1.080981 -1.194509 10.636364
v 1.351226 -0.994755 10.636364
v 1.351226 -0.994755 10.636364
v 1.621471 -0.817371 10.636364
v 1.621471 -0.817371 10.636364
v 1.891717 -0.642060 10.636364
v 1.891717 -0.642060 10.636364
v 2.161962 -0.455153 10.636364
v -2.970574 -0.488726 9.454545
v -2.599252 -0.728234 9.454545
v -2.599252 -0.728234 9.454545
v -2.227931 -0.945076 9.454545
v -2.227931 -0.945076 9.454545
v -1.856609 -1.151783 9.454545
v -1.856609 -1.151783 9.454545
v -1.485287 -1.378395 9.454545
v -1.485287 -1.378395 9.454545
v -1.113965 -1.664690 9.454545
v -1.113965 -1.664690 9.454545
v -0.742644 -2.013383 9.454545
v -0.742644 -2.013383 9.454545
v -0.371322 -2.333551 9.454545
v -0.371322 -2.333551 9.454545
v 0.000000 -2.469506 9.454545
v 0.000000 -2.469506 9.454545
v 0.371322 -2.333551 9.454545
v 0.371322 -2.333551 9.454545
v 0.742644 -2.013383 9.454545
v 0.742644 -2.013383 9.454545
v 1.113965 -1.664690 9.454545
v 1.113965 -1.664690 9.454545
v 1.485287 -1.378395 9.454545
v 1.485287 -1.378395 9.454545
v 1.856609 -1.151783 9.454545
v 1.856609 -1.151783 9.454545
v 2.227931 -0.945076 9.454545
v 2.227931 -0.945076 9.454545
v 2.599252 -0.728234 9.454545
v 2.599252 -0.728234 9.454545
v 2.970574 -0.488726 9.454545
v -3.789091 -0.517909 8.272727
v -3.315455 -0.804412 8.272727
v -3.315455 -0.804412 8.272727
v -2.841818 -1.063803 8.272727
v -2.841818 -1.063803 8.272727
v -2.368182 -1.311069 8.272727
v -2.368182 -1.311069 8.272727
v -1.894545 -1.582146 8.272727
v -1.894545 -1.582146 8.272727
v -1.420909 -1.924618 8.272727
v -1.420909 -1.924618 8.272727
v -0.947273 -2.341730 8.272727
v -0.947273 -2.341730 8.272727
v -0.473636 -2.724720 8.272727
v -0.473636 -2.724720 8.272727
v 0.000000 -2.887352 8.272727
v 0.000000 -2.887352 8.272727
v 0.473636 -2.724720 8.272727
v 0.473636 -2.724720 8.272727
v 0.947273 -2.341730 8.272727
v 0.947273 -2.341730 8.272727
v 1.420909 -1.924618 8.272727
v 1.420909 -1.924618 8.272727
v 1.894545 -1.582146 8.272727
v 1.894545 -1.582146 8.272727
v 2.368182 -1.311069 8.272727
v 2.368182 -1.311069 8.272727
v 2.841818 -1.063803 8.272727
v 2.841818 -1.063803 8.272727
v 3.315455 -0.804412 8.272727
v 3.315455 -0.804412 8.272727
v 3.789091 -0.517909 8.272727
v -4.616364 -0.542675 7.090909
v -4.039318 -0.869062 7.090909
v -4.039318 -0.869062 7.090909
v -3.462273 -1.164562 7.090909
v -3.462273 -1.164562 7.090909
v -2.885227 -1.446251 7.090909
v -2.885227 -1.446251 7.090909
v -2.308182 -1.755064 7.090909
v -2.308182 -1.755064 7.090909
v -1.731136 -2.145210 7.090909
v -1.731136 -2.145210 7.090909
v -1.154091 -2.620388 7.090909
v -1.154091 -2.620388 7.090909
v -0.577045 -3.056694 7.090909
v -0.577045 -3.056694 7.090909
v 0.000000 -3.241966 7.090909
v 0.000000 -3.241966 7.090909
v 0.577045 -3.056694 7.090909
v 0.577045 -3.056694 7.090909
v 1.154091 -2.620388 7.090909
v 1.154091 -2.620388 7.090909
v 1.731136 -2.145210 7.090909
v 1.731136 -2.145210 7.090909
v 2.308182 -1.755064 7.090909
v 2.308182 -1.755064 7.090909
v 2.885227 -1.446251 7.090909
v 2.885227 -1.446251 7.090909
v 3.462273 -1.164562 7.090909
v 3.462273 -1.164562 7.090909
v 4.039318 -0.869062 7.090909
v 4.039318 -0.869062 7.090909
v 4.616364 -0.542675 7.090909
v -5.450887 -0.563417 5.909091
v -4.769526 -0.923207 5.909091
v -4.769526 -0.923207 5.909091
v -4.088165 -1.248948 5.909091
v -4.088165 -1.248948 5.909091
v -3.406804 -1.559465 5.909091
v -3.406804 -1.559465 5.909091
v -2.725443 -1.899882 5.909091
v -2.725443 -1.899882 5.909091
v -2.044083 -2.329956 5.909091
v -2.044083 -2.329956 5.909091
v -1.362722 -2.853764 5.909091
v -1.362722 -2.853764 5.909091
v -0.681361 -3.334721 5.909091
v -0.681361 -3.334721 5.909091
v 0.000000 -3.538954 5.909091
v 0.000000 -3.538954 5.909091
v 0.681361 -3.334721 5.909091
v 0.681361 -3.334721 5.909091
v 1.362722 -2.853764 5.909091
v 1.362722 -2.853764 5.909091
v 2.044083 -2.329956 5.909091
v 2.044083 -2.329956 5.909091
v 2.725443 -1.899882 5.909091
v 2.725443 -1.899882 5.909091
v 3.406804 -1.559465 5.909091
v 3.406804 -1.559465 5.909091
v 4.088165 -1.248948 5.909091
v 4.088165 -1.248948 5.909091
v 4.769526 -0.923207 5.909091
v 4.769526 -0.923207 5.909091
v 5.450887 -0.563417 5.909091
v -6.313747 -0.580309 4.727273
v -5.524529 -0.967301 4.727273
v -5.524529 -0.967301 4.727273
v -4.735310 -1.317670 4.727273
v -4.735310 -1.317670 4.727273
v -3.946092 -1.651664 4.727273
v -3.946092 -1.651664 4.727273
v -3.156874 -2.017819 4.727273
v -3.156874 -2.017819 4.727273
v -2.367655 -2.480409 4.727273
v -2.367655 -2.480409 4.727273
v -1.578437 -3.043820 4.727273
v -1.578437 -3.043820 4.727273
v -0.789218 -3.561141 4.727273
v -0.789218 -3.561141 4.727273
v 0.000000 -3.780814 4.727273
v 0.000000 -3.780814 4.727273
v 0.789218 -3.561141 4.727273
v 0.789218 -3.561141 4.727273
v 1.578437 -3.043820 4.727273
v 1.578437 -3.043820 4.727273
v 2.367655 -2.480409 4.727273
v 2.367655 -2.480409 4.727273
v 3.156874 -2.017819 4.727273
v 3.156874 -2.017819 4.727273
v 3.946092 -1.651664 4.727273
v 3.946092 -1.651664 4.727273
v 4.735310 -1.317670 4.727273
v 4.735310 -1.317670 4.727273
v 5.524529 -0.967301 4.727273
v 5.524529 -0.967301 4.727273
v 6.313747 -0.580309 4.727273
v -7.409091 -0.593424 3.545455
v -6.482955 -1.001537 3.545455
v -6.482955 -1.001537 3.545455
v -5.556818 -1.371029 3.545455
v -5.556818 -1.371029 3.545455
v -4.630682 -1.723251 3.545455
v -4.630682 -1.723251 3.545455
v -3.704545 -2.109389 3.545455
v -3.704545 -2.109389 3.545455
v -2.778409 -2.597227 3.545455
v -2.778409 -2.597227 3.545455
v -1.852273 -3.191387 3.545455
v -1.852273 -3.191387 3.545455
v -0.926136 -3.736942 3.545455
v -0.926136 -3.736942 3.545455
v 0.000000 -3.968605 3.545455
v 0.000000 -3.968605 3.545455
v 0.926136 -3.736942 3.545455
v 0.926136 -3.736942 3.545455
v 1.852273 -3.191387 3.545455
v 1.852273 -3.191387 3.545455
v 2.778409 -2.597227 3.545455
v 2.778409 -2.597227 3.545455
v 3.704545 -2.109389 3.545455
v 3.704545 -2.109389 3.545455
v 4.630682 -1.723251 3.545455
v 4.630682 -1.723251 3.545455
v 5.556818 -1.371029 3.545455
v 5.556818 -1.371029 3.545455
v 6.482955 -1.001537 3.545455
v 6.482955 -1.001537 3.545455
v 7.409091 -0.593424 3.545455
v -8.643030 -0.602790 2.363636
v -7.562652 -1.025984 2.363636
v -7.562652 -1.025984 2.363636
v -6.482273 -1.409130 2.363636
v -6.482273 -1.409130 2.363636
v -5.401894 -1.774368 2.363636
v -5.401894 -1.774368 2.363636
v -4.321515 -2.174776 2.363636
v -4.321515 -2.174776 2.363636
v -3.241136 -2.680642 2.363636
v -3.241136 -2.680642 2.363636
v -2.160758 -3.296759 2.363636
v -2.160758 -3.296759 2.363636
v -1.080379 -3.862474 2.363636
v -1.080379 -3.862474 2.363636
v 0.000000 -4.102698 2.363636
v 0.000000 -4.102698 2.363636
v 1.080379 -3.862474 2.363636
v 1.080379 -3.862474 2.363636
v 2.160758 -3.296759 2.363636
v 2.160758 -3.296759 2.363636
v 3.241136 -2.680642 2.363636
v 3.241136 -2.680642 2.363636
v 4.321515 -2.174776 2.363636
v 4.321515 -2.174776 2.363636
v 5.401894 -1.774368 2.363636
v 5.401894 -1.774368 2.363636
v 6.482273 -1.409130 2.363636
v 6.482273 -1.409130 2.363636
v 7.562652 -1.025984 2.363636
v 7.562652 -1.025984 2.363636
v 8.643030 -0.602790 2.363636
v -10.113737 -0.608410 1.181818
v -8.849520 -1.040655 1.181818
v -8.849520 -1.040655 1.181818
v -7.585303 -1.431995 1.181818
v -7.585303 -1.431995 1.181818
v -6.321086 -1.805045 1.181818
v -6.321086 -1.805045 1.181818
v -5.056869 -2.214016 1.181818
v -5.056869 -2.214016 1.181818
v -3.792652 -2.730701 1.181818
v -3.792652 -2.730701 1.181818
v -2.528434 -3.359995 1.181818
v -2.528434 -3.359995 1.181818
v -1.264217 -3.937808 1.181818
v -1.264217 -3.937808 1.181818
v 0.000000 -4.183170 1.181818
v 0.000000 -4.183170 1.181818
v 1.264217 -3.937808 1.181818
v 1.264217 -3.937808 1.181818
v 2.528434 -3.359995 1.181818
v 2.528434 -3.359995 1.181818
v 3.792652 -2.730701 1.181818
v 3.792652 -2.730701 1.181818
v 5.056869 -2.214016 1.181818
v 5.056869 -2.214016 1.181818
v 6.321086 -1.805045 1.181818
v 6.321086 -1.805045 1.181818
v 7.585303 -1.431995 1.181818
v 7.585303 -1.431995 1.181818
v 8.849520 -1.040655 1.181818
v 8.849520 -1.040655 1.181818
v 10.113737 -0.608410 1.181818
v -11.553125 -0.610284 0.000000
v -10.108984 -1.045546 0.000000
v -10.108984 -1.045546 0.000000
v -8.664844 -1.439619 0.000000
v -8.664844 -1.439619 0.000000
v -7.220703 -1.815273 0.000000
v -7.220703 -1.815273 0.000000
v -5.776562 -2.227099 0.000000
v -5.776562 -2.227099 0.000000
v -4.332422 -2.747390 0.000000
v -4.332422 -2.747390 0.000000
v -2.888281 -3.381078 0.000000
v -2.888281 -3.381078 0.000000
v -1.444141 -3.962925 0.000000
v -1.444141 -3.962925 0.000000
v 0.000000 -4.210000 0.000000
v 0.000000 -4.210000 0.000000
v 1.444141 -3.962925 0.000000
v 1.444141 -3.962925 0.000000
v 2.888281 -3.381078 0.000000
v 2.888281 -3.381078 0.000000
v 4.332422 -2.747390 0.000000
v 4.332422 -2.747390 0.000000
v 5.776562 -2.227099 0.000000
v 5.776562 -2.227099 0.000000
v 7.220703 -1.815273 0.000000
v 7.220703 -1.815273 0.000000
v 8.664844 -1.439619 0.000000
v 8.664844 -1.439619 0.000000
v 10.108984 -1.045546 0.000000
v 10.108984 -1.045546 0.000000
v 11.553125 -0.610284 0.000000
v -12.956534 -0.608410 -1.181818
v -11.336967 -1.040655 -1.181818
v -11.336967 -1.040655 -1.181818
v -9.717401 -1.431995 -1.181818
v -9.717401 -1.431995 -1.181818
v -8.097834 -1.805045 -1.181818
v -8.097834 -1.805045 -1.181818
v -6.478267 -2.214016 -1.181818
v -6.478267 -2.214016 -1.181818
v -4.858700 -2.730701 -1.181818
v -4.858700 -2.730701 -1.181818
v -3.239134 -3.359995 -1.181818
v -3.239134 -3.359995 -1.181818
v -1.619567 -3.937808 -1.181818
v -1.619567 -3.937808 -1.181818
v 0.000000 -4.183170 -1.181818
v 0.000000 -4.183170 -1.181818
v 1.619567 -3.937808 -1.181818
v 1.619567 -3.937808 -1.181818
v 3.239134 -3.359995 -1.181818
v 3.239134 -3.359995 -1.181818
v 4.858700 -2.730701 -1.181818
v 4.858700 -2.730701 -1.181818
v 6.478267 -2.214016 -1.181818
v 6.478267 -2.214016 -1.181818
v 8.097834 -1.805045 -1.181818
v 8.097834 -1.805045 -1.181818
v 9.717401 -1.431995 -1.181818
v 9.717401 -1.431995 -1.181818
v 11.336967 -1.040655 -1.181818
v 11.336967 -1.040655 -1.181818
v 12.956534 -0.608410 -1.181818
v -14.324784 -0.602790 -2.363636
v -12.534186 -1.025984 -2.363636
v -12.534186 -1.025984 -2.363636
v -10.743588 -1.409130 -2.363636
v -10.743588 -1.409130 -2.363636
v -8.952990 -1.774369 -2.363636
v -8.952990 -1.774369 -2.363636
v -7.162392 -2.174793 -2.363636
v -7.162392 -2.174793 -2.363636
v -5.371794 -2.681041 -2.363636
v -5.371794 -2.681041 -2.363636
v -3.581196 -3.300671 -2.363636
v -3.581196 -3.300671 -2.363636
v -1.790598 -3.877865 -2.363636
v -1.790598 -3.877865 -2.363636
v 0.000000 -4.126996 -2.363636
v 0.000000 -4.126996 -2.363636
v 1.790598 -3.877865 -2.363636
v 1.790598 -3.877865 -2.363636
v 3.581196 -3.300671 -2.363636
v 3.581196 -3.300671 -2.363636
v 5.371794 -2.681041 -2.363636
v 5.371794 -2.681041 -2.363636
v 7.162392 -2.174793 -2.363636
v 7.162392 -2.174793 -2.363636
v 8.952990 -1.774369 -2.363636
v 8.952990 -1.774369 -2.363636
v 10.743588 -1.409130 -2.363636
v 10.743588 -1.409130 -2.363636
v 12.534186 -1.025984 -2.363636
v 12.534186 -1.025984 -2.363636
v 14.324784 -0.602790 -2.363636
v -15.647294 -0.593424 -3.545455
v -13.691383 -1.001537 -3.545455
v -13.691383 -1.001537 -3.545455
v -11.735471 -1.371029 -3.545455
v -11.735471 -1.371029 -3.545455
v -9.779559 -1.723251 -3.545455
v -9.779559 -1.723251 -3.545455
v -7.823647 -2.109400 -3.545455
v -7.823647 -2.109400 -3.545455
v -5.867735 -2.597687 -3.545455
v -5.867735 -2.597687 -3.545455
v -3.911824 -3.198391 -3.545455
v -3.911824 -3.198391 -3.545455
v -1.955912 -3.772843 -3.545455
v -1.955912 -3.772843 -3.545455
v 0.000000 -4.030506 -3.545455
v 0.000000 -4.030506 -3.545455
v 1.955912 -3.772843 -3.545455
v 1.955912 -3.772843 -3.545455
v 3.911824 -3.198391 -3.545455
v 3.911824 -3.198391 -3.545455
v 5.867735 -2.597687 -3.545455
v 5.867735 -2.597687 -3.545455
v 7.823647 -2.109400 -3.545455
v 7.823647 -2.109400 -3.545455
v 9.779559 -1.723251 -3.545455
v 9.779559 -1.723251 -3.545455
v 11.735471 -1.371029 -3.545455
v 11.735471 -1.371029 -3.545455
v 13.691383 -1.001537 -3.545455
v 13.691383 -1.001537 -3.545455
v 15.647294 -0.593424 -3.545455
v -17.240000 -0.394610 -4.727273
v -15.085000 -0.657764 -4.727273
v -15.085000 -0.657764 -4.727273
v -12.930000 -0.896016 -4.727273
v -12.930000 -0.896016 -4.727273
v -10.775000 -1.123132 -4.727273
v -10.775000 -1.123132 -4.727273
v -8.620000 -2.017821 -4.727273
v -8.620000 -2.017821 -4.727273
v -6.465000 -2.480668 -4.727273
v -6.465000 -2.480668 -4.727273
v -4.310000 -3.050884 -4.727273
v -4.310000 -3.050884 -4.727273
v -2.155000 -3.612502 -4.727273
v -2.155000 -3.612502 -4.727273
v 0.000000 -3.880319 -4.727273
v 0.000000 -3.880319 -4.727273
v 2.155000 -3.612502 -4.727273
v 2.155000 -3.612502 -4.727273
v 4.310000 -3.050884 -4.727273
v 4.310000 -3.050884 -4.727273
v 6.465000 -2.480668 -4.727273
v 6.465000 -2.480668 -4.727273
v 8.620000 -2.017821 -4.727273
v 8.620000 -2.017821 -4.727273
v 10.775000 -1.123132 -4.727273
v 10.775000 -1.123132 -4.727273
v 12.930000 -0.896016 -4.727273
v 12.930000 -0.896016 -4.727273
v 15.085000 -0.657764 -4.727273
v 15.085000 -0.657764 -4.727273
v 17.240000 -0.394610 -4.727273
v -18.779959 -0.383124 -5.909091
v -16.432464 -0.627780 -5.909091
v -16.432464 -0.627780 -5.909091
v -14.084969 -0.849285 -5.909091
v -14.084969 -0.849285 -5.909091
v -11.737474 -1.060436 -5.909091
v -11.737474 -1.060436 -5.909091
v -9.389979 -1.899882 -5.909091
v -9.389979 -1.899882 -5.909091
v -7.042485 -2.330074 -5.909091
v -7.042485 -2.330074 -5.909091
v -4.694990 -2.859705 -5.909091
v -4.694990 -2.859705 -5.909091
v -2.347495 -3.397276 -5.909091
v -2.347495 -3.397276 -5.909091
v 0.000000 -3.676061 -5.909091
v 0.000000 -3.676061 -5.909091
v 2.347495 -3.397276 -5.909091
v 2.347495 -3.397276 -5.909091
v 4.694990 -2.859705 -5.909091
v 4.694990 -2.859705 -5.909091
v 7.042485 -2.330074 -5.909091
v 7.042485 -2.330074 -5.909091
v 9.389979 -1.899882 -5.909091
v 9.389979 -1.899882 -5.909091
v 11.737474 -1.060436 -5.909091
v 11.737474 -1.060436 -5.909091
v 14.084969 -0.849285 -5.909091
v 14.084969 -0.849285 -5.909091
v 16.432464 -0.627780 -5.909091
v 16.432464 -0.627780 -5.909091
v 18.779959 -0.383124 -5.909091
v -19.289731 -0.369019 -7.090909
v -16.878514 -0.590962 -7.090909
v -16.878514 -0.590962 -7.090909
v -14.467298 -0.791902 -7.090909
v -14.467298 -0.791902 -7.090909
v -12.056082 -0.983451 -7.090909
v -12.056082 -0.983451 -7.090909
v -9.644865 -1.755064 -7.090909
v -9.644865 -1.755064 -7.090909
v -7.233649 -2.145312 -7.090909
v -7.233649 -2.145312 -7.090909
v -4.822433 -2.626758 -7.090909
v -4.822433 -2.626758 -7.090909
v -2.411216 -3.133036 -7.090909
v -2.411216 -3.133036 -7.090909
v 0.000000 -3.416676 -7.090909
v 0.000000 -3.416676 -7.090909
v 2.411216 -3.133036 -7.090909
v 2.411216 -3.133036 -7.090909
v 4.822433 -2.626758 -7.090909
v 4.822433 -2.626758 -7.090909
v 7.233649 -2.145312 -7.090909
v 7.233649 -2.145312 -7.090909
v 9.644865 -1.755064 -7.090909
v 9.644865 -1.755064 -7.090909
v 12.056082 -0.983451 -7.090909
v 12.056082 -0.983451 -7.090909
v 14.467298 -0.791902 -7.090909
v 14.467298 -0.791902 -7.090909
v 16.878514 -0.590962 -7.090909
v 16.878514 -0.590962 -7.090909
v 19.289731 -0.369019 -7.090909
v -18.591259 -0.352178 -8.272727
v -16.267351 -0.547000 -8.272727
v -16.267351 -0.547000 -8.272727
v -13.943444 -0.723386 -8.272727
v -13.943444 -0.723386 -8.272727
v -11.619537 -0.891527 -8.272727
v -11.619537 -0.891527 -8.272727
v -9.295629 -1.582147 -8.272727
v -9.295629 -1.582147 -8.272727
v -6.971722 -1.924827 -8.272727
v -6.971722 -1.924827 -8.272727
v -4.647815 -2.351526 -8.272727
v -4.647815 -2.351526 -8.272727
v -2.323907 -2.823119 -8.272727
v -2.323907 -2.823119 -8.272727
v 0.000000 -3.099666 -8.272727
v 0.000000 -3.099666 -8.272727
v 2.323907 -2.823119 -8.272727
v 2.323907 -2.823119 -8.272727
v 4.647815 -2.351526 -8.272727
v 4.647815 -2.351526 -8.272727
v 6.971722 -1.924827 -8.272727
v 6.971722 -1.924827 -8.272727
v 9.295629 -1.582147 -8.272727
v 9.295629 -1.582147 -8.272727
v 11.619537 -0.891527 -8.272727
v 11.619537 -0.891527 -8.272727
v 13.943444 -0.723386 -8.272727
v 13.943444 -0.723386 -8.272727
v 16.267351 -0.547000 -8.272727
v 16.267351 -0.547000 -8.272727
v 18.591259 -0.352178 -8.272727
v -16.818727 -0.332334 -9.454545
v -14.716386 -0.495199 -9.454545
v -14.716386 -0.495199 -9.454545
v -12.614045 -0.642652 -9.454545
v -12.614045 -0.642652 -9.454545
v -10.511705 -0.783213 -9.454545
v -10.511705 -0.783213 -9.454545
v -8.409364 -1.378406 -9.454545
v -8.409364 -1.378406 -9.454545
v -6.307023 -1.665557 -9.454545
v -6.307023 -1.665557 -9.454545
v -4.204682 -2.033541 -9.454545
v -4.204682 -2.033541 -9.454545
v -2.102341 -2.466737 -9.454545
v -2.102341 -2.466737 -9.454545
v 0.000000 -2.719423 -9.454545
v 0.000000 -2.719423 -9.454545
v 2.102341 -2.466737 -9.454545
v 2.102341 -2.466737 -9.454545
v 4.204682 -2.033541 -9.454545
v 4.204682 -2.033541 -9.454545
v 6.307023 -1.665557 -9.454545
v 6.307023 -1.665557 -9.454545
v 8.409364 -1.378406 -9.454545
v 8.409364 -1.378406 -9.454545
v 10.511705 -0.783213 -9.454545
v 10.511705 -0.783213 -9.454545
v 12.614045 -0.642652 -9.454545
v 12.614045 -0.642652 -9.454545
v 14.716386 -0.495199 -9.454545
v 14.716386 -0.495199 -9.454545
v 16.818727 -0.332334 -9.454545
v -13.651136 -0.308864 -10.636364
v -11.944744 -0.433933 -10.636364
v -11.944744 -0.433933 -10.636364
v -10.238352 -0.547166 -10.636364
v -10.238352 -0.547166 -10.636364
v -8.531960 -0.655113 -10.636364
v -8.531960 -0.655113 -10.636364
v -6.825568 -1.137792 -10.636364
v -6.825568 -1.137792 -10.636364
v -5.119176 -1.364155 -10.636364
v -5.119176 -1.364155 -10.636364
v -3.412784 -1.679789 -10.636364
v -3.412784 -1.679789 -10.636364
v -1.706392 -2.060837 -10.636364
v -1.706392 -2.060837 -10.636364
v 0.000000 -2.262831 -10.636364
v 0.000000 -2.262831 -10.636364
v 1.706392 -2.060837 -10.636364
v 1.706392 -2.060837 -10.636364
v 3.412784 -1.679789 -10.636364
v 3.412784 -1.679789 -10.636364
v 5.119176 -1.364155 -10.636364
v 5.119176 -1.364155 -10.636364
v 6.825568 -1.137792 -10.636364
v 6.825568 -1.137792 -10.636364
v 8.531960 -0.655113 -10.636364
v 8.531960 -0.655113 -10.636364
v 10.238352 -0.547166 -10.636364
v 10.238352 -0.547166 -10.636364
v 11.944744 -0.433933 -10.636364
v 11.944744 -0.433933 -10.636364
v 13.651136 -0.308864 -10.636364
v -8.943182 -0.280016 -11.818182
v -7.825284 -0.358658 -11.818182
v -7.825284 -0.358658 -11.818182
v -6.707386 -0.430157 -11.818182
v -6.707386 -0.430157 -11.818182
v -5.589489 -0.500220 -11.818182
v -5.589489 -0.500220 -11.818182
v -4.471591 -0.860050 -11.818182
v -4.471591 -0.860050 -11.818182
v -3.353693 -1.044913 -11.818182
v -3.353693 -1.044913 -11.818182
v -2.235795 -1.307231 -11.818182
v -2.235795 -1.307231 -11.818182
v -1.117898 -1.574331 -11.818182
v -1.117898 -1.574331 -11.818182
v 0.000000 -1.692953 -11.818182
v 0.000000 -1.692953 -11.818182
v 1.117898 -1.574331 -11.818182
v 1.117898 -1.574331 -11.818182
v 2.235795 -1.307231 -11.818182
v 2.235795 -1.307231 -11.818182
v 3.353693 -1.044913 -11.818182
v 3.353693 -1.044913 -11.818182
v 4.471591 -0.860050 -11.818182
v 4.471591 -0.860050 -11.818182
v 5.589489 -0.500220 -11.818182
v 5.589489 -0.500220 -11.818182
v 6.707386 -0.430157 -11.818182
v 6.707386 -0.430157 -11.818182
v 7.825284 -0.358658 -11.818182
v 7.825284 -0.358658 -11.818182
v 8.943182 -0.280016 -11.818182
v -1.220370 0.466474 11.818182
v -1.220370 -0.466474 11.818182
v -0.915278 0.763679 11.818182
v -0.915278 -0.763679 11.818182
v -0.610185 1.048696 11.818182
v -0.610185 -1.048696 11.818182
v -0.305093 1.275357 11.818182
v -0.305093 -1.275357 11.818182
v 0.000000 1.367830 11.818182
v 0.000000 -1.367830 11.818182
v 0.305093 1.275357 11.818182
v 0.305093 -1.275357 11.818182
v 0.610185 1.048696 11.818182
v 0.610185 -1.048696 11.818182
v 0.915278 0.763679 11.818182
v 0.915278 -0.763679 11.818182
v 1.220370 0.466474 11.818182
v 1.220370 -0.466474 11.818182
v -2.970574 0.488726 9.454545
v -2.970574 -0.488726 9.454545
v -2.227931 0.945076 9.454545
v -2.227931 -0.945076 9.454545
v -1.485287 1.378395 9.454545
v -1.485287 -1.378395 9.454545
v -0.742644 2.013383 9.454545
v -0.742644 -2.013383 9.454545
v 0.000000 2.469506 9.454545
v 0.000000 -2.469506 9.454545
v 0.742644 2.013383 9.454545
v 0.742644 -2.013383 9.454545
v 1.485287 1.378395 9.454545
v 1.485287 -1.378395 9.454545
v 2.227931 0.945076 9.454545
v 2.227931 -0.945076 9.454545
v 2.970574 0.488726 9.454545
v 2.970574 -0.488726 9.454545
v -4.616364 0.542675 7.090909
v -4.616364 -0.542675 7.090909
v -3.462273 1.164562 7.090909
v -3.462273 -1.164562 7.090909
v -2.308182 1.755064 7.090909
v -2.308182 -1.755064 7.090909
v -1.154091 2.620388 7.090909
v -1.154091 -2.620388 7.090909
v 0.000000 3.241966 7.090909
v 0.000000 -3.241966 7.090909
v 1.154091 2.620388 7.090909
v 1.154091 -2.620388 7.090909
v 2.308182 1.755064 7.090909
v 2.308182 -1.755064 7.090909
v 3.462273 1.164562 7.090909
v 3.462273 -1.164562 7.090909
v 4.616364 0.542675 7.090909
v 4.616364 -0.542675 7.090909
v -6.313747 0.580309 4.727273
v -6.313747 -0.580309 4.727273
v -4.735310 1.317670 4.727273
v -4.735310 -1.317670 4.727273
v -3.156874 2.017819 4.727273
v -3.156874 -2.017819 4.727273
v -1.578437 3.043820 4.727273
v -1.578437 -3.043820 4.727273
v 0.000000 3.780814 4.727273
v 0.000000 -3.780814 4.727273
v 1.578437 3.043820 4.727273
v 1.578437 -3.043820 4.727273
v 3.156874 2.017819 4.727273
v 3.156874 -2.017819 4.727273
v 4.735310 1.317670 4.727273
v 4.735310 -1.317670 4.727273
v 6.313747 0.580309 4.727273
v 6.313747 -0.580309 4.727273
v -8.643030 0.602790 2.363636
v -8.643030 -0.602790 2.363636
v -6.482273 1.409130 2.363636
v -6.482273 -1.409130 2.363636
v -4.321515 2.174776 2.363636
v -4.321515 -2.174776 2.363636
v -2.160758 3.296759 2.363636
v -2.160758 -3.296759 2.363636
v 0.000000 4.102698 2.363636
v 0.000000 -4.102698 2.363636
v 2.160758 3.296759 2.363636
v 2.160758 -3.296759 2.363636
v 4.321515 2.174776 2.363636
v 4.321515 -2.174776 2.363636
v 6.482273 1.409130 2.363636
v 6.482273 -1.409130 2.363636
v 8.643030 0.602790 2.363636
v 8.643030 -0.602790 2.363636
v -11.553125 0.610284 0.000000
v -11.553125 -0.610284 0.000000
v -8.664844 1.439619 0.000000
v -8.664844 -1.439619 0.000000
v -5.776562 2.227099 0.000000
v -5.776562 -2.227099 0.000000
v -2.888281 3.381078 0.000000
v -2.888281 -3.381078 0.000000
v 0.000000 4.210000 0.000000
v 0.000000 -4.210000 0.000000
v 2.888281 3.381078 0.000000
v 2.888281 -3.381078 0.000000
v 5.776562 2.227099 0.000000
v 5.776562 -2.227099 0.000000
v 8.664844 1.439619 0.000000
v 8.664844 -1.439619 0.000000
v 11.553125 0.610284 0.000000
v 11.553125 -0.610284 0.000000
v -14.324784 0.602790 -2.363636
v -14.324784 -0.602790 -2.363636
v -10.743588 1.409130 -2.363636
v -10.743588 -1.409130 -2.363636
v -7.162392 2.174793 -2.363636
v -7.162392 -2.174793 -2.363636
v -3.581196 3.300671 -2.363636
v -3.581196 -3.300671 -2.363636
v 0.000000 4.126996 -2.363636
v 0.000000 -4.126996 -2.363636
v 3.581196 3.300671 -2.363636
v 3.581196 -3.300671 -2.363636
v 7.162392 2.174793 -2.363636
v 7.162392 -2.174793 -2.363636
v 10.743588 1.409130 -2.363636
v 10.743588 -1.409130 -2.363636
v 14.324784 0.602790 -2.363636
v 14.324784 -0.602790 -2.363636
v -17.240000 0.394610 -4.727273
v -17.240000 -0.394610 -4.727273
v -12.930000 0.896016 -4.727273
v -12.930000 -0.896016 -4.727273
v -8.620000 2.017821 -4.727273
v -8.620000 -2.017821 -4.727273
v -4.310000 3.050884 -4.727273
v -4.310000 -3.050884 -4.727273
v 0.000000 3.880319 -4.727273
v 0.000000 -3.880319 -4.727273
v 4.310000 3.050884 -4.727273
v 4.310000 -3.050884 -4.727273
v 8.620000 2.017821 -4.727273
v 8.620000 -2.017821 -4.727273
v 12.930000 0.896016 -4.727273
v 12.930000 -0.896016 -4.727273
v 17.240000 0.394610 -4.727273
v 17.240000 -0.394610 -4.727273
v -19.289731 0.369019 -7.090909
v -19.289731 -0.369019 -7.090909
v -14.467298 0.791902 -7.090909
v -14.467298 -0.791902 -7.090909
v -9.644865 1.755064 -7.090909
v -9.644865 -1.755064 -7.090909
v -4.822433 2.626758 -7.090909
v -4.822433 -2.626758 -7.090909
v 0.000000 3.416676 -7.090909
v 0.000000 -3.416676 -7.090909
v 4.822433 2.626758 -7.090909
v 4.822433 -2.626758 -7.090909
v 9.644865 1.755064 -7.090909
v 9.644865 -1.755064 -7.090909
v 14.467298 0.791902 -7.090909
v 14.467298 -0.791902 -7.090909
v 19.289731 0.369019 -7.090909
v 19.289731 -0.369019 -7.090909
v -16.818727 0.332334 -9.454545
v -16.818727 -0.332334 -9.454545
v -12.614045 0.642652 -9.454545
v -12.614045 -0.642652 -9.454545
v -8.409364 1.378406 -9.454545
v -8.409364 -1.378406 -9.454545
v -4.204682 2.033541 -9.454545
v -4.204682 -2.033541 -9.454545
v 0.000000 2.719423 -9.454545
v 0.000000 -2.719423 -9.454545
v 4.204682 2.033541 -9.454545
v 4.204682 -2.033541 -9.454545
v 8.409364 1.378406 -9.454545
v 8.409364 -1.378406 -9.454545
v 12.614045 0.642652 -9.454545
v 12.614045 -0.642652 -9.454545
v 16.818727 0.332334 -9.454545
v 16.818727 -0.332334 -9.454545
v -8.943182 0.280016 -11.818182
v -8.943182 -0.280016 -11.818182
v -6.707386 0.430157 -11.818182
v -6.707386 -0.430157 -11.818182
v -4.471591 0.860050 -11.818182
v -4.471591 -0.860050 -11.818182
v -2.235795 1.307231 -11.818182
v -2.235795 -1.307231 -11.818182
v 0.000000 1.692953 -11.818182
v 0.000000 -1.692953 -11.818182
v 2.235795 1.307231 -11.818182
v 2.235795 -1.307231 -11.818182
v 4.471591 0.860050 -11.818182
v 4.471591 -0.860050 -11.818182
v 6.707386 0.430157 -11.818182
v 6.707386 -0.430157 -11.818182
v 8.943182 0.280016 -11.818182
v 8.943182 -0.280016 -11.818182
v 0.000000 0.340000 13.000000
v 1.220370 0.466474 11.818182
v 1.220370 0.466474 11.818182
v 2.161962 0.455153 10.636364
v 2.161962 0.455153 10.636364
v 2.970574 0.488726 9.454545
v 2.970574 0.488726 9.454545
v 3.789091 0.517909 8.272727
v 3.789091 0.517909 8.272727
v 4.616364 0.542675 7.090909
v 4.616364 0.542675 7.090909
v 5.450887 0.563417 5.909091
v 5.450887 0.563417 5.909091
v 6.313747 0.580309 4.727273
v 6.313747 0.580309 4.727273
v 7.409091 0.593424 3.545455
v 7.409091 0.593424 3.545455
v 8.643030 0.602790 2.363636
v 8.643030 0.602790 2.363636
v 10.113737 0.608410 1.181818
v 10.113737 0.608410 1.181818
v 11.553125 0.610284 0.000000
v 11.553125 0.610284 0.000000
v 12.956534 0.608410 -1.181818
v 12.956534 0.608410 -1.181818
v 14.324784 0.602790 -2.363636
v 14.324784 0.602790 -2.363636
v 15.647294 0.593424 -3.545455
v 15.647294 0.593424 -3.545455
v 17.240000 0.394610 -4.727273
v 17.240000 0.394610 -4.727273
v 18.779959 0.383124 -5.909091
v 18.779959 0.383124 -5.909091
v 19.289731 0.369019 -7.090909
v 19.289731 0.369019 -7.090909
v 18.591259 0.352178 -8.272727
v 18.591259 0.352178 -8.272727
v 16.818727 0.332334 -9.454545
v 16.818727 0.332334 -9.454545
v 13.651136 0.308864 -10.636364
v 13.651136 0.308864 -10.636364
v 8.943182 0.280016 -11.818182
v 8.943182 0.280016 -11.818182
v 2.700000 0.315483 -13.000000
v 2.700000 0.315483 -13.000000
v -2.700000 0.315483 -13.000000
v -2.700000 0.315483 -13.000000
v -8.943182 0.280016 -11.818182
v -8.943182 0.280016 -11.818182
v -13.651136 0.308864 -10.636364
v -13.651136 0.308864 -10.636364
v -16.818727 0.332334 -9.454545
v -16.818727 0.332334 -9.454545
v -18.591259 0.352178 -8.272727
v -18.591259 0.352178 -8.272727
v -19.289731 0.369019 -7.090909
v -19.289731 0.369019 -7.090909
v -18.779959 0.383124 -5.909091
v -18.779959 0.383124 -5.909091
v -17.240000 0.394610 -4.727273
v -17.240000 0.394610 -4.727273
v -15.647294 0.593424 -3.545455
v -15.647294 0.593424 -3.545455
v -14.324784 0.602790 -2.363636
v -14.324784 0.602790 -2.363636
v -12.956534 0.608410 -1.181818
v -12.956534 0.608410 -1.181818
v -11.553125 0.610284 0.000000
v -11.553125 0.610284 0.000000
v -10.113737 0.608410 1.181818
v -10.113737 0.608410 1.181818
v -8.643030 0.602790 2.363636
v -8.643030 0.602790 2.363636
v -7.409091 0.593424 3.545455
v -7.409091 0.593424 3.545455
v -6.313747 0.580309 4.727273
v -6.313747 0.580309 4.727273
v -5.450887 0.563417 5.909091
v -5.450887 0.563417 5.909091
v -4.616364 0.542675 7.090909
v -4.616364 0.542675 7.090909
v -3.789091 0.517909 8.272727
v -3.789091 0.517909 8.272727
v -2.970574 0.488726 9.454545
v -2.970574 0.488726 9.454545
v -2.161962 0.455153 10.636364
v -2.161962 0.455153 10.636364
v -1.220370 0.466474 11.818182
v -1.220370 0.466474 11.818182
v -0.000000 0.340000 13.000000
v -0.000000 0.340000 13.000000
v 0.000000 0.340000 13.000000
v 0.000000 -0.340000 13.000000
v 1.220370 -0.466474 11.818182
v 1.220370 -0.466474 11.818182
v 2.161962 -0.455153 10.636364
v 2.161962 -0.455153 10.636364
v 2.970574 -0.488726 9.454545
v 2.970574 -0.488726 9.454545
v 3.789091 -0.517909 8.272727
v 3.789091 -0.517909 8.272727
v 4.616364 -0.542675 7.090909
v 4.616364 -0.542675 7.090909
v 5.450887 -0.563417 5.909091
v 5.450887 -0.563417 5.909091
v 6.313747 -0.580309 4.727273
v 6.313747 -0.580309 4.727273
v 7.409091 -0.593424 3.545455
v 7.409091 -0.593424 3.545455
v 8.643030 -0.602790 2.363636
v 8.643030 -0.602790 2.363636
v 10.113737 -0.608410 1.181818
v 10.113737 -0.608410 1.181818
v 11.553125 -0.610284 0.000000
v 11.553125 -0.610284 0.000000
v 12.956534 -0.608410 -1.181818
v 12.956534 -0.608410 -1.181818
v 14.324784 -0.602790 -2.363636
v 14.324784 -0.602790 -2.363636
v 15.647294 -0.593424 -3.545455
v 15.647294 -0.593424 -3.545455
v 17.240000 -0.394610 -4.727273
v 17.240000 -0.394610 -4.727273
v 18.779959 -0.383124 -5.909091
v 18.779959 -0.383124 -5.909091
v 19.289731 -0.369019 -7.090909
v 19.289731 -0.369019 -7.090909
v 18.591259 -0.352178 -8.272727
v 18.591259 -0.352178 -8.272727
v 16.818727 -0.332334 -9.454545
v 16.818727 -0.332334 -9.454545
v 13.651136 -0.308864 -10.636364
v 13.651136 -0.308864 -10.636364
v 8.943182 -0.280016 -11.818182
v 8.943182 -0.280016 -11.818182
v 2.700000 -0.315483 -13.000000
v 2.700000 -0.315483 -13.000000
v -2.700000 -0.315483 -13.000000
v -2.700000 -0.315483 -13.000000
v -8.943182 -0.280016 -11.818182
v -8.943182 -0.280016 -11.818182
v -13.651136 -0.308864 -10.636364
v -13.651136 -0.308864 -10.636364
v -16.818727 -0.332334 -9.454545
v -16.818727 -0.332334 -9.454545
v -18.591259 -0.352178 -8.272727
v -18.591259 -0.352178 -8.272727
v -19.289731 -0.369019 -7.090909
v -19.289731 -0.369019 -7.090909
v -18.779959 -0.383124 -5.909091
v -18.779959 -0.383124 -5.909091
v -17.240000 -0.394610 -4.727273
v -17.240000 -0.394610 -4.727273
v -15.647294 -0.593424 -3.545455
v -15.647294 -0.593424 -3.545455
v -14.324784 -0.602790 -2.363636
v -14.324784 -0.602790 -2.363636
v -12.956534 -0.608410 -1.181818
v -12.956534 -0.608410 -1.181818
v -11.553125 -0.610284 0.000000
v -11.553125 -0.610284 0.000000
v -10.113737 -0.608410 1.181818
v -10.113737 -0.608410 1.181818
v -8.643030 -0.602790 2.363636
v -8.643030 -0.602790 2.363636
v -7.409091 -0.593424 3.545455
v -7.409091 -0.593424 3.545455
v -6.313747 -0.580309 4.727273
v -6.313747 -0.580309 4.727273
v -5.450887 -0.563417 5.909091
v -5.450887 -0.563417 5.909091
v -4.616364 -0.542675 7.090909
v -4.616364 -0.542675 7.090909
v -3.789091 -0.517909 8.272727
v -3.789091 -0.517909 8.272727
v -2.970574 -0.488726 9.454545
v -2.970574 -0.488726 9.454545
v -2.161962 -0.455153 10.636364
v -2.161962 -0.455153 10.636364
v -1.220370 -0.466474 11.818182
v -1.220370 -0.466474 11.818182
v -0.000000 -0.340000 13.000000
v -0.000000 -0.340000 13.000000
v 0.000000 -0.340000 13.000000
v 0.000000 0.500000 13.000000
v 0.000000 1.527830 11.818182
v 0.000000 1.527830 11.818182
v 0.000000 2.135310 10.636364
v 0.000000 2.135310 10.636364
v 0.000000 2.629506 9.454545
v 0.000000 2.629506 9.454545
v 0.000000 3.047352 8.272727
v 0.000000 3.047352 8.272727
v 0.000000 3.401966 7.090909
v 0.000000 3.401966 7.090909
v 0.000000 3.698954 5.909091
v 0.000000 3.698954 5.909091
v 0.000000 3.940814 4.727273
v 0.000000 3.940814 4.727273
v 0.000000 4.128605 3.545455
v 0.000000 4.128605 3.545455
v 0.000000 4.262698 2.363636
v 0.000000 4.262698 2.363636
v 0.000000 4.343170 1.181818
v 0.000000 4.343170 1.181818
v 0.000000 4.370000 0.000000
v 0.000000 4.370000 0.000000
v 0.000000 4.343170 -1.181818
v 0.000000 4.343170 -1.181818
v 0.000000 4.286996 -2.363636
v 0.000000 4.286996 -2.363636
v 0.000000 4.190506 -3.545455
v 0.000000 4.190506 -3.545455
v 0.000000 4.040319 -4.727273
v 0.000000 4.040319 -4.727273
v 0.000000 3.836061 -5.909091
v 0.000000 3.836061 -5.909091
v 0.000000 3.576676 -7.090909
v 0.000000 3.576676 -7.090909
v 0.000000 3.259666 -8.272727
v 0.000000 3.259666 -8.272727
v 0.000000 2.879423 -9.454545
v 0.000000 2.879423 -9.454545
v 0.000000 2.422831 -10.636364
v 0.000000 2.422831 -10.636364
v 0.000000 1.852953 -11.818182
v 0.000000 1.852953 -11.818182
v 0.000000 0.850000 -13.000000
v -0.420000 1.544373 11.400000
v -2.350000 1.808470 7.200000
v -2.350000 1.808470 7.200000
v -5.100000 1.700620 3.400000
v -5.100000 1.700620 3.400000
v -9.200000 1.593843 -0.800000
v -9.200000 1.593843 -0.800000
v -15.600000 0.708580 -4.700000
v -15.600000 0.708580 -4.700000
v -18.200000 0.602528 -6.400000
v 0.420000 1.544373 11.400000
v 2.350000 1.808470 7.200000
v 2.350000 1.808470 7.200000
v 5.100000 1.700620 3.400000
v 5.100000 1.700620 3.400000
v 9.200000 1.593843 -0.800000
v 9.200000 1.593843 -0.800000
v 15.600000 0.708580 -4.700000
v 15.600000 0.708580 -4.700000
v 18.200000 0.602528 -6.400000
v -18.350000 0.553141 -5.550000
v -19.250000 0.551602 -6.650000
v -19.250000 0.551602 -6.650000
v -18.950000 0.520517 -7.950000
v -18.950000 0.520517 -7.950000
v -17.350000 0.496001 -9.250000
v -11.150000 1.256902 -6.250000
v -17.300000 0.692910 -7.200000
v -17.300000 0.692910 -7.200000
v -16.550000 0.500111 -9.450000
v -16.550000 0.500111 -9.450000
v -13.550000 0.452014 -10.720000
v -13.550000 0.452014 -10.720000
v -9.450000 1.009970 -9.420000
v -9.450000 1.009970 -9.420000
v -9.950000 1.863672 -7.050000
v -9.950000 1.863672 -7.050000
v -11.150000 1.256902 -6.250000
v -6.800000 1.555665 -9.900000
v -9.750000 0.510682 -11.350000
v -9.750000 0.510682 -11.350000
v -5.700000 0.450366 -12.350000
v -5.700000 0.450366 -12.350000
v -2.900000 1.604661 -11.250000
v 18.350000 0.553141 -5.550000
v 19.250000 0.551602 -6.650000
v 19.250000 0.551602 -6.650000
v 18.950000 0.520517 -7.950000
v 18.950000 0.520517 -7.950000
v 17.350000 0.496001 -9.250000
v 11.150000 1.256902 -6.250000
v 17.300000 0.692910 -7.200000
v 17.300000 0.692910 -7.200000
v 16.550000 0.500111 -9.450000
v 16.550000 0.500111 -9.450000
v 13.550000 0.452014 -10.720000
v 13.550000 0.452014 -10.720000
v 9.450000 1.009970 -9.420000
v 9.450000 1.009970 -9.420000
v 9.950000 1.863672 -7.050000
v 9.950000 1.863672 -7.050000
v 11.150000 1.256902 -6.250000
v 6.800000 1.555665 -9.900000
v 9.750000 0.510682 -11.350000
v 9.750000 0.510682 -11.350000
v 5.700000 0.450366 -12.350000
v 5.700000 0.450366 -12.350000
v 2.900000 1.604661 -11.250000
v -0.480000 0.883966 12.450000
v 0.000000 0.757482 12.880000
v 0.000000 0.757482 12.880000
v 0.480000 0.883966 12.450000
v 0.480000 0.883966 12.450000
v 0.700000 1.301502 11.580000
v 0.700000 1.301502 11.580000
v 0.000000 2.023006 10.960000
v 0.000000 2.023006 10.960000
v -0.700000 1.301502 11.580000
v -0.700000 1.301502 11.580000
v -0.480000 0.883966 12.450000
v -1.420000 1.243713 10.250000
v -0.420000 2.450670 9.450000
v -0.420000 2.450670 9.450000
v 0.580000 2.109122 9.900000
v 0.580000 2.109122 9.900000
v 1.260000 1.122903 10.850000
v 1.260000 1.122903 10.850000
v 0.100000 1.842646 11.200000
v 0.100000 1.842646 11.200000
v -0.980000 1.344851 10.850000
v -0.980000 1.344851 10.850000
v -1.420000 1.243713 10.250000
v -1.850000 1.959196 7.700000
v -0.520000 3.276750 6.900000
v -0.520000 3.276750 6.900000
v 0.680000 3.059544 7.280000
v 0.680000 3.059544 7.280000
v 1.420000 2.043973 8.300000
v 1.420000 2.043973 8.300000
v 0.060000 2.818336 8.850000
v 0.060000 2.818336 8.850000
v -1.250000 2.123862 8.450000
v -1.250000 2.123862 8.450000
v -1.850000 1.959196 7.700000
v -1.550000 3.168196 4.780000
v -0.340000 3.985720 4.000000
v -0.340000 3.985720 4.000000
v 0.680000 3.772813 4.550000
v 0.680000 3.772813 4.550000
v 1.180000 3.242857 5.480000
v 1.180000 3.242857 5.480000
v 0.020000 3.626257 6.050000
v 0.020000 3.626257 6.050000
v -1.050000 3.268518 5.720000
v -1.050000 3.268518 5.720000
v -1.550000 3.168196 4.780000
v -2.650000 1.789006 7.050000
v -2.900000 1.776466 6.690000
v -2.900000 1.776466 6.690000
v -2.400000 2.046046 6.690000
v -2.400000 2.046046 6.690000
v -2.650000 1.789006 7.050000
v 2.650000 1.789006 7.050000
v 2.400000 2.046046 6.690000
v 2.400000 2.046046 6.690000
v 2.900000 1.776466 6.690000
v 2.900000 1.776466 6.690000
v 2.650000 1.789006 7.050000
v -3.250000 2.570302 3.450000
v -3.500000 2.542425 3.090000
v -3.500000 2.542425 3.090000
v -3.000000 2.807359 3.090000
v -3.000000 2.807359 3.090000
v -3.250000 2.570302 3.450000
v 3.250000 2.570302 3.450000
v 3.000000 2.807359 3.090000
v 3.000000 2.807359 3.090000
v 3.500000 2.542425 3.090000
v 3.500000 2.542425 3.090000
v 3.250000 2.570302 3.450000
v -2.000000 3.895043 0.750000
v -2.250000 3.828668 0.390000
v -2.250000 3.828668 0.390000
v -1.750000 4.038395 0.390000
v -1.750000 4.038395 0.390000
v -2.000000 3.895043 0.750000
v 2.000000 3.895043 0.750000
v 1.750000 4.038395 0.390000
v 1.750000 4.038395 0.390000
v 2.250000 3.828668 0.390000
v 2.250000 3.828668 0.390000
v 2.000000 3.895043 0.750000
v -2.150000 3.795727 0.650000
v 2.150000 3.795727 0.650000
v 2.150000 3.795727 0.650000
v 2.150000 3.941997 -2.450000
v 2.150000 3.941997 -2.450000
v -2.150000 3.941997 -2.450000
v -2.150000 3.941997 -2.450000
v -2.150000 3.795727 0.650000
v 0.820000 4.351735 -1.000000
v 0.410000 4.417519 -0.341821
v 0.410000 4.417519 -0.341821
v -0.410000 4.417519 -0.341821
v -0.410000 4.417519 -0.341821
v -0.820000 4.351735 -1.000000
v -0.820000 4.351735 -1.000000
v -0.410000 4.373303 -1.658179
v -0.410000 4.373303 -1.658179
v 0.410000 4.373303 -1.658179
v 0.410000 4.373303 -1.658179
v 0.820000 4.351735 -1.000000
v 1.480000 -3.300000 -10.850000
v 1.451562 -3.300000 -10.709535
v 1.451562 -3.300000 -10.709535
v 1.367342 -3.300000 -10.574468
v 1.367342 -3.300000 -10.574468
v 1.230575 -3.300000 -10.449989
v 1.230575 -3.300000 -10.449989
v 1.046518 -3.300000 -10.340883
v 1.046518 -3.300000 -10.340883
v 0.822244 -3.300000 -10.251342
v 0.822244 -3.300000 -10.251342
v 0.566371 -3.300000 -10.184807
v 0.566371 -3.300000 -10.184807
v 0.288734 -3.300000 -10.143835
v 0.288734 -3.300000 -10.143835
v 0.000000 -3.300000 -10.130000
v 0.000000 -3.300000 -10.130000
v -0.288734 -3.300000 -10.143835
v -0.288734 -3.300000 -10.143835
v -0.566371 -3.300000 -10.184807
v -0.566371 -3.300000 -10.184807
v -0.822244 -3.300000 -10.251342
v -0.822244 -3.300000 -10.251342
v -1.046518 -3.300000 -10.340883
v -1.046518 -3.300000 -10.340883
v -1.230575 -3.300000 -10.449989
v -1.230575 -3.300000 -10.449989
v -1.367342 -3.300000 -10.574468
v -1.367342 -3.300000 -10.574468
v -1.451562 -3.300000 -10.709535
v -1.451562 -3.300000 -10.709535
v -1.480000 -3.300000 -10.850000
v -1.480000 -3.300000 -10.850000
v -1.451562 -3.300000 -10.990465
v -1.451562 -3.300000 -10.990465
v -1.367342 -3.300000 -11.125532
v -1.367342 -3.300000 -11.125532
v -1.230575 -3.300000 -11.250011
v -1.230575 -3.300000 -11.250011
v -1.046518 -3.300000 -11.359117
v -1.046518 -3.300000 -11.359117
v -0.822244 -3.300000 -11.448658
v -0.822244 -3.300000 -11.448658
v -0.566371 -3.300000 -11.515193
v -0.566371 -3.300000 -11.515193
v -0.288734 -3.300000 -11.556165
v -0.288734 -3.300000 -11.556165
v -0.000000 -3.300000 -11.570000
v -0.000000 -3.300000 -11.570000
v 0.288734 -3.300000 -11.556165
v 0.288734 -3.300000 -11.556165
v 0.566371 -3.300000 -11.515193
v 0.566371 -3.300000 -11.515193
v 0.822244 -3.300000 -11.448658
v 0.822244 -3.300000 -11.448658
v 1.046518 -3.300000 -11.359117
v 1.046518 -3.300000 -11.359117
v 1.230575 -3.300000 -11.250011
v 1.230575 -3.300000 -11.250011
v 1.367342 -3.300000 -11.125532
v 1.367342 -3.300000 -11.125532
v 1.451562 -3.300000 -10.990465
v 1.451562 -3.300000 -10.990465
v 1.480000 -3.300000 -10.850000
v -1.050000 -4.050000 9.300000
v 1.050000 -4.050000 9.300000
v 1.050000 -4.050000 9.300000
v 1.050000 -4.050000 -13.200000
v 1.050000 -4.050000 -13.200000
v -1.050000 -4.050000 -13.200000
v -1.050000 -4.050000 -13.200000
v -1.050000 -4.050000 9.300000
v -1.050000 -4.050000 9.300000
v 1.050000 -4.050000 -13.200000
v 1.050000 -4.050000 9.300000
v -1.050000 -4.050000 -13.200000
l 1 2
l 3 4
l 5 6
l 7 8
l 9 10
l 11 12
l 13 14
l 15 16
l 17 18
l 19 20
l 21 22
l 23 24
l 25 26
l 27 28
l 29 30
l 31 32
l 33 34
l 35 36
l 37 38
l 39 40
l 41 42
l 43 44
l 45 46
l 47 48
l 49 50
l 51 52
l 53 54
l 55 56
l 57 58
l 59 60
l 61 62
l 63 64
l 65 66
l 67 68
l 69 70
l 71 72
l 73 74
l 75 76
l 77 78
l 79 80
l 81 82
l 83 84
l 85 86
l 87 88
l 89 90
l 91 92
l 93 94
l 95 96
l 97 98
l 99 100
l 101 102
l 103 104
l 105 106
l 107 108
l 109 110
l 111 112
l 113 114
l 115 116
l 117 118
l 119 120
l 121 122
l 123 124
l 125 126
l 127 128
l 129 130
l 131 132
l 133 134
l 135 136
l 137 138
l 139 140
l 141 142
l 143 144
l 145 146
l 147 148
l 149 150
l 151 152
l 153 154
l 155 156
l 157 158
l 159 160
l 161 162
l 163 164
l 165 166
l 167 168
l 169 170
l 171 172
l 173 174
l 175 176
l 177 178
l 179 180
l 181 182
l 183 184
l 185 186
l 187 188
l 189 190
l 191 192
l 193 194
l 195 196
l 197 198
l 199 200
l 201 202
l 203 204
l 205 206
l 207 208
l 209 210
l 211 212
l 213 214
l 215 216
l 217 218
l 219 220
l 221 222
l 223 224
l 225 226
l 227 228
l 229 230
l 231 232
l 233 234
l 235 236
l 237 238
l 239 240
l 241 242
l 243 244
l 245 246
l 247 248
l 249 250
l 251 252
l 253 254
l 255 256
l 257 258
l 259 260
l 261 262
l 263 264
l 265 266
l 267 268
l 269 270
l 271 272
l 273 274
l 275 276
l 277 278
l 279 280
l 281 282
l 283 284
l 285 286
l 287 288
l 289 290
l 291 292
l 293 294
l 295 296
l 297 298
l 299 300
l 301 302
l 303 304
l 305 306
l 307 308
l 309 310
l 311 312
l 313 314
l 315 316
l 317 318
l 319 320
l 321 322
l 323 324
l 325 326
l 327 328
l 329 330
l 331 332
l 333 334
l 335 336
l 337 338
l 339 340
l 341 342
l 343 344
l 345 346
l 347 348
l 349 350
l 351 352
l 353 354
l 355 356
l 357 358
l 359 360
l 361 362
l 363 364
l 365 366
l 367 368
l 369 370
l 371 372
l 373 374
l 375 376
l 377 378
l 379 380
l 381 382
l 383 384
l 385 386
l 387 388
l 389 390
l 391 392
l 393 394
l 395 396
l 397 398
l 399 400
l 401 402
l 403 404
l 405 406
l 407 408
l 409 410
l 411 412
l 413 414
l 415 416
l 417 418
l 419 420
l 421 422
l 423 424
l 425 426
l 427 428
l 429 430
l 431 432
l 433 434
l 435 436
l 437 438
l 439 440
l 441 442
l 443 444
l 445 446
l 447 448
l 449 450
l 451 452
l 453 454
l 455 456
l 457 458
l 459 460
l 461 462
l 463 464
l 465 466
l 467 468
l 469 470
l 471 472
l 473 474
l 475 476
l 477 478
l 479 480
l 481 482
l 483 484
l 485 486
l 487 488
l 489 490
l 491 492
l 493 494
l 495 496
l 497 498
l 499 500
l 501 502
l 503 504
l 505 506
l 507 508
l 509 510
l 511 512
l 513 514
l 515 516
l 517 518
l 519 520
l 521 522
l 523 524
l 525 526
l 527 528
l 529 530
l 531 532
l 533 534
l 535 536
l 537 538
l 539 540
l 541 542
l 543 544
l 545 546
l 547 548
l 549 550
l 551 552
l 553 554
l 555 556
l 557 558
l 559 560
l 561 562
l 563 564
l 565 566
l 567 568
l 569 570
l 571 572
l 573 574
l 575 576
l 577 578
l 579 580
l 581 582
l 583 584
l 585 586
l 587 588
l 589 590
l 591 592
l 593 594
l 595 596
l 597 598
l 599 600
l 601 602
l 603 604
l 605 606
l 607 608
l 609 610
l 611 612
l 613 614
l 615 616
l 617 618
l 619 620
l 621 622
l 623 624
l 625 626
l 627 628
l 629 630
l 631 632
l 633 634
l 635 636
l 637 638
l 639 640
l 641 642
l 643 644
l 645 646
l 647 648
l 649 650
l 651 652
l 653 654
l 655 656
l 657 658
l 659 660
l 661 662
l 663 664
l 665 666
l 667 668
l 669 670
l 671 672
l 673 674
l 675 676
l 677 678
l 679 680
l 681 682
l 683 684
l 685 686
l 687 688
l 689 690
l 691 692
l 693 694
l 695 696
l 697 698
l 699 700
l 701 702
l 703 704
l 705 706
l 707 708
l 709 710
l 711 712
l 713 714
l 715 716
l 717 718
l 719 720
l 721 722
l 723 724
l 725 726
l 727 728
l 729 730
l 731 732
l 733 734
l 735 736
l 737 738
l 739 740
l 741 742
l 743 744
l 745 746
l 747 748
l 749 750
l 751 752
l 753 754
l 755 756
l 757 758
l 759 760
l 761 762
l 763 764
l 765 766
l 767 768
l 769 770
l 771 772
l 773 774
l 775 776
l 777 778
l 779 780
l 781 782
l 783 784
l 785 786
l 787 788
l 789 790
l 791 792
l 793 794
l 795 796
l 797 798
l 799 800
l 801 802
l 803 804
l 805 806
l 807 808
l 809 810
l 811 812
l 813 814
l 815 816
l 817 818
l 819 820
l 821 822
l 823 824
l 825 826
l 827 828
l 829 830
l 831 832
l 833 834
l 835 836
l 837 838
l 839 840
l 841 842
l 843 844
l 845 846
l 847 848
l 849 850
l 851 852
l 853 854
l 855 856
l 857 858
l 859 860
l 861 862
l 863 864
l 865 866
l 867 868
l 869 870
l 871 872
l 873 874
l 875 876
l 877 878
l 879 880
l 881 882
l 883 884
l 885 886
l 887 888
l 889 890
l 891 892
l 893 894
l 895 896
l 897 898
l 899 900
l 901 902
l 903 904
l 905 906
l 907 908
l 909 910
l 911 912
l 913 914
l 915 916
l 917 918
l 919 920
l 921 922
l 923 924
l 925 926
l 927 928
l 929 930
l 931 932
l 933 934
l 935 936
l 937 938
l 939 940
l 941 942
l 943 944
l 945 946
l 947 948
l 949 950
l 951 952
l 953 954
l 955 956
l 957 958
l 959 960
l 961 962
l 963 964
l 965 966
l 967 968
l 969 970
l 971 972
l 973 974
l 975 976
l 977 978
l 979 980
l 981 982
l 983 984
l 985 986
l 987 988
l 989 990
l 991 992
l 993 994
l 995 996
l 997 998
l 999 1000
l 1001 1002
l 1003 1004
l 1005 1006
l 1007 1008
l 1009 1010
l 1011 1012
l 1013 1014
l 1015 1016
l 1017 1018
l 1019 1020
l 1021 1022
l 1023 1024
l 1025 1026
l 1027 1028
l 1029 1030
l 1031 1032
l 1033 1034
l 1035 1036
l 1037 1038
l 1039 1040
l 1041 1042
l 1043 1044
l 1045 1046
l 1047 1048
l 1049 1050
l 1051 1052
l 1053 1054
l 1055 1056
l 1057 1058
l 1059 1060
l 1061 1062
l 1063 1064
l 1065 1066
l 1067 1068
l 1069 1070
l 1071 1072
l 1073 1074
l 1075 1076
l 1077 1078
l 1079 1080
l 1081 1082
l 1083 1084
l 1085 1086
l 1087 1088
l 1089 1090
l 1091 1092
l 1093 1094
l 1095 1096
l 1097 1098
l 1099 1100
l 1101 1102
l 1103 1104
l 1105 1106
l 1107 1108
l 1109 1110
l 1111 1112
l 1113 1114
l 1115 1116
l 1117 1118
l 1119 1120
l 1121 1122
l 1123 1124
l 1125 1126
l 1127 1128
l 1129 1130
l 1131 1132
l 1133 1134
l 1135 1136
l 1137 1138
l 1139 1140
l 1141 1142
l 1143 1144
l 1145 1146
l 1147 1148
l 1149 1150
l 1151 1152
l 1153 1154
l 1155 1156
l 1157 1158
l 1159 1160
l 1161 1162
l 1163 1164
l 1165 1166
l 1167 1168
l 1169 1170
l 1171 1172
l 1173 1174
l 1175 1176
l 1177 1178
l 1179 1180
l 1181 1182
l 1183 1184
l 1185 1186
l 1187 1188
l 1189 1190
l 1191 1192
l 1193 1194
l 1195 1196
l 1197 1198
l 1199 1200
l 1201 1202
l 1203 1204
l 1205 1206
l 1207 1208
l 1209 1210
l 1211 1212
l 1213 1214
l 1215 1216
l 1217 1218
l 1219 1220
l 1221 1222
l 1223 1224
l 1225 1226
l 1227 1228
l 1229 1230
l 1231 1232
l 1233 1234
l 1235 1236
l 1237 1238
l 1239 1240
l 1241 1242
l 1243 1244
l 1245 1246
l 1247 1248
l 1249 1250
l 1251 1252
l 1253 1254
l 1255 1256
l 1257 1258
l 1259 1260
l 1261 1262
l 1263 1264
l 1265 1266
l 1267 1268
l 1269 1270
l 1271 1272
l 1273 1274
l 1275 1276
l 1277 1278
l 1279 1280
l 1281 1282
l 1283 1284
l 1285 1286
l 1287 1288
l 1289 1290
l 1291 1292
l 1293 1294
l 1295 1296
l 1297 1298
l 1299 1300
l 1301 1302
l 1303 1304
l 1305 1306
l 1307 1308
l 1309 1310
l 1311 1312
l 1313 1314
l 1315 1316
l 1317 1318
l 1319 1320
l 1321 1322
l 1323 1324
l 1325 1326
l 1327 1328
l 1329 1330
l 1331 1332
l 1333 1334
l 1335 1336
l 1337 1338
l 1339 1340
l 1341 1342
l 1343 1344
l 1345 1346
l 1347 1348
l 1349 1350
l 1351 1352
l 1353 1354
l 1355 1356
l 1357 1358
l 1359 1360
l 1361 1362
l 1363 1364
l 1365 1366
l 1367 1368
l 1369 1370
l 1371 1372
l 1373 1374
l 1375 1376
l 1377 1378
l 1379 1380
l 1381 1382
l 1383 1384
l 1385 1386
l 1387 1388
l 1389 1390
l 1391 1392
l 1393 1394
l 1395 1396
l 1397 1398
l 1399 1400
l 1401 1402
l 1403 1404
l 1405 1406
l 1407 1408
l 1409 1410
l 1411 1412
l 1413 1414
l 1415 1416
l 1417 1418
l 1419 1420
l 1421 1422
l 1423 1424
l 1425 1426
l 1427 1428
l 1429 1430
l 1431 1432
l 1433 1434
l 1435 1436
l 1437 1438
l 1439 1440
l 1441 1442
l 1443 1444
l 1445 1446
l 1447 1448
l 1449 1450
l 1451 1452
l 1453 1454
l 1455 1456
l 1457 1458
l 1459 1460
l 1461 1462
l 1463 1464
l 1465 1466
l 1467 1468
l 1469 1470
l 1471 1472
l 1473 1474
l 1475 1476
l 1477 1478
l 1479 1480
l 1481 1482
l 1483 1484
l 1485 1486
l 1487 1488
l 1489 1490
l 1491 1492
l 1493 1494
l 1495 1496
l 1497 1498
l 1499 1500
l 1501 1502
l 1503 1504
l 1505 1506
l 1507 1508
l 1509 1510
l 1511 1512
l 1513 1514
l 1515 1516
l 1517 1518
l 1519 1520
l 1521 1522
l 1523 1524
l 1525 1526
l 1527 1528
l 1529 1530
l 1531 1532
l 1533 1534
l 1535 1536
l 1537 1538
l 1539 1540
l 1541 1542
l 1543 1544
l 1545 1546
l 1547 1548
l 1549 1550
l 1551 1552
l 1553 1554
l 1555 1556
l 1557 1558
l 1559 1560
l 1561 1562
l 1563 1564
l 1565 1566
l 1567 1568
l 1569 1570
l 1571 1572
l 1573 1574
l 1575 1576
l 1577 1578
l 1579 1580
l 1581 1582
l 1583 1584
l 1585 1586
l 1587 1588
l 1589 1590
l 1591 1592
l 1593 1594
l 1595 1596
l 1597 1598
l 1599 1600
l 1601 1602
l 1603 1604
l 1605 1606
l 1607 1608
l 1609 1610
l 1611 1612
l 1613 1614
l 1615 1616
l 1617 1618
l 1619 1620
l 1621 1622
l 1623 1624
l 1625 1626
l 1627 1628
l 1629 1630
l 1631 1632
l 1633 1634
l 1635 1636
l 1637 1638
l 1639 1640
l 1641 1642
l 1643 1644
l 1645 1646
l 1647 1648
l 1649 1650
l 1651 1652
l 1653 1654
l 1655 1656
l 1657 1658
l 1659 1660
l 1661 1662
l 1663 1664
l 1665 1666
l 1667 1668
l 1669 1670
l 1671 1672
l 1673 1674
l 1675 1676
l 1677 1678
l 1679 1680
l 1681 1682
l 1683 1684
l 1685 1686
l 1687 1688
l 1689 1690
l 1691 1692
l 1693 1694
l 1695 1696
l 1697 1698
l 1699 1700
l 1701 1702
l 1703 1704
l 1705 1706
l 1707 1708
l 1709 1710
l 1711 1712
l 1713 1714
l 1715 1716
l 1717 1718
l 1719 1720
l 1721 1722
l 1723 1724
l 1725 1726
l 1727 1728
l 1729 1730
l 1731 1732
l 1733 1734
l 1735 1736
l 1737 1738
l 1739 1740
l 1741 1742
l 1743 1744
l 1745 1746
l 1747 1748
l 1749 1750
l 1751 1752
l 1753 1754
l 1755 1756
l 1757 1758
l 1759 1760
l 1761 1762
l 1763 1764
l 1765 1766
l 1767 1768
l 1769 1770
l 1771 1772
l 1773 1774
l 1775 1776
l 1777 1778
l 1779 1780
l 1781 1782
l 1783 1784
l 1785 1786
l 1787 1788
l 1789 1790
l 1791 1792
l 1793 1794
l 1795 1796
l 1797 1798
l 1799 1800
l 1801 1802
l 1803 1804
l 1805 1806
l 1807 1808
l 1809 1810
l 1811 1812
l 1813 1814
l 1815 1816
l 1817 1818
l 1819 1820
l 1821 1822
l 1823 1824
l 1825 1826
l 1827 1828
l 1829 1830
l 1831 1832
l 1833 1834
l 1835 1836
l 1837 1838
l 1839 1840
l 1841 1842
l 1843 1844
l 1845 1846
l 1847 1848
l 1849 1850
l 1851 1852
l 1853 1854
l 1855 1856
l 1857 1858
l 1859 1860
l 1861 1862
l 1863 1864
l 1865 1866
l 1867 1868
l 1869 1870
l 1871 1872
l 1873 1874
l 1875 1876
l 1877 1878
l 1879 1880
l 1881 1882
l 1883 1884
l 1885 1886
l 1887 1888
l 1889 1890
l 1891 1892
l 1893 1894
l 1895 1896
l 1897 1898
l 1899 1900
l 1901 1902
l 1903 1904
l 1905 1906
l 1907 1908
l 1909 1910
l 1911 1912
l 1913 1914
l 1915 1916
l 1917 1918
l 1919 1920
l 1921 1922
l 1923 1924
l 1925 1926
l 1927 1928
l 1929 1930
l 1931 1932
l 1933 1934
l 1935 1936
l 1937 1938
l 1939 1940
l 1941 1942
l 1943 1944
l 1945 1946
l 1947 1948
l 1949 1950
l 1951 1952
l 1953 1954
l 1955 1956
l 1957 1958
l 1959 1960
l 1961 1962
l 1963 1964
l 1965 1966
l 1967 1968
l 1969 1970
l 1971 1972
l 1973 1974
l 1975 1976
l 1977 1978
l 1979 1980
l 1981 1982
l 1983 1984
l 1985 1986
l 1987 1988
l 1989 1990
l 1991 1992
l 1993 1994
l 1995 1996
l 1997 1998
l 1999 2000
l 2001 2002
l 2003 2004
l 2005 2006
l 2007 2008
l 2009 2010
l 2011 2012
l 2013 2014
l 2015 2016
l 2017 2018
l 2019 2020
l 2021 2022
l 2023 2024
l 2025 2026
l 2027 2028
l 2029 2030
l 2031 2032
l 2033 2034
l 2035 2036
l 2037 2038
l 2039 2040
l 2041 2042
l 2043 2044
l 2045 2046
l 2047 2048
l 2049 2050
l 2051 2052
l 2053 2054
l 2055 2056
l 2057 2058
l 2059 2060
l 2061 2062
l 2063 2064
l 2065 2066
l 2067 2068
l 2069 2070
l 2071 2072
l 2073 2074
l 2075 2076
l 2077 2078
l 2079 2080
l 2081 2082
l 2083 2084
l 2085 2086
l 2087 2088
l 2089 2090
l 2091 2092
l 2093 2094
l 2095 2096
l 2097 2098
l 2099 2100
l 2101 2102
l 2103 2104
l 2105 2106
l 2107 2108
l 2109 2110
l 2111 2112
l 2113 2114
l 2115 2116
l 2117 2118
l 2119 2120
l 2121 2122
l 2123 2124
l 2125 2126
l 2127 2128
l 2129 2130
l 2131 2132
l 2133 2134
l 2135 2136
l 2137 2138
l 2139 2140
l 2141 2142
l 2143 2144
l 2145 2146
l 2147 2148
l 2149 2150
l 2151 2152
l 2153 2154
l 2155 2156
l 2157 2158
l 2159 2160
l 2161 2162
l 2163 2164
l 2165 2166
l 2167 2168
l 2169 2170
l 2171 2172
l 2173 2174
l 2175 2176
l 2177 2178
l 2179 2180
l 2181 2182
l 2183 2184
l 2185 2186
l 2187 2188
l 2189 2190
l 2191 2192
l 2193 2194
l 2195 2196
l 2197 2198
l 2199 2200
l 2201 2202
l 2203 2204
l 2205 2206
l 2207 2208
l 2209 2210
l 2211 2212
l 2213 2214
l 2215 2216
l 2217 2218
l 2219 2220
l 2221 2222
l 2223 2224
l 2225 2226
l 2227 2228
l 2229 2230
l 2231 2232
l 2233 2234
l 2235 2236
l 2237 2238
l 2239 2240
l 2241 2242
l 2243 2244
l 2245 2246
l 2247 2248
l 2249 2250
l 2251 2252
l 2253 2254
l 2255 2256
l 2257 2258
l 2259 2260
l 2261 2262
l 2263 2264
l 2265 2266
l 2267 2268
l 2269 2270
l 2271 2272
l 2273 2274
l 2275 2276
l 2277 2278
l 2279 2280
l 2281 2282
l 2283 2284
l 2285 2286
l 2287 2288
l 2289 2290
l 2291 2292
l 2293 2294
l 2295 2296
l 2297 2298
l 2299 2300
l 2301 2302
l 2303 2304
l 2305 2306
l 2307 2308
l 2309 2310
l 2311 2312
l 2313 2314
l 2315 2316
l 2317 2318
l 2319 2320
l 2321 2322
l 2323 2324
l 2325 2326
l 2327 2328
l 2329 2330
l 2331 2332
l 2333 2334
l 2335 2336
l 2337 2338
l 2339 2340
l 2341 2342
l 2343 2344
l 2345 2346
l 2347 2348
l 2349 2350
l 2351 2352
l 2353 2354
l 2355 2356
l 2357 2358
l 2359 2360
l 2361 2362
l 2363 2364
l 2365 2366
l 2367 2368
l 2369 2370
l 2371 2372
l 2373 2374
l 2375 2376
l 2377 2378
l 2379 2380
l 2381 2382
l 2383 2384
l 2385 2386
l 2387 2388
l 2389 2390
l 2391 2392
l 2393 2394
l 2395 2396
l 2397 2398
l 2399 2400
l 2401 2402
l 2403 2404
l 2405 2406
l 2407 2408
l 2409 2410
l 2411 2412
l 2413 2414
l 2415 2416
l 2417 2418
l 2419 2420
l 2421 2422
l 2423 2424
l 2425 2426
l 2427 2428
l 2429 2430
l 2431 2432
l 2433 2434
l 2435 2436
l 2437 2438
l 2439 2440
l 2441 2442
l 2443 2444
l 2445 2446
l 2447 2448
l 2449 2450
l 2451 2452
l 2453 2454
l 2455 2456
l 2457 2458
l 2459 2460
l 2461 2462
l 2463 2464
l 2465 2466
l 2467 2468
l 2469 2470
l 2471 2472
l 2473 2474
l 2475 2476
l 2477 2478
l 2479 2480
l 2481 2482
l 2483 2484
l 2485 2486
l 2487 2488
l 2489 2490
l 2491 2492
l 2493 2494
l 2495 2496
l 2497 2498
l 2499 2500
l 2501 2502
l 2503 2504
l 2505 2506
l 2507 2508
l 2509 2510
l 2511 2512
l 2513 2514
l 2515 2516
l 2517 2518
l 2519 2520
l 2521 2522
l 2523 2524
l 2525 2526
l 2527 2528
l 2529 2530
l 2531 2532
l 2533 2534
l 2535 2536
l 2537 2538
l 2539 2540
l 2541 2542
l 2543 2544
l 2545 2546
l 2547 2548
l 2549 2550
l 2551 2552
l 2553 2554
l 2555 2556
l 2557 2558
l 2559 2560
l 2561 2562
l 2563 2564
l 2565 2566
l 2567 2568
l 2569 2570
l 2571 2572
l 2573 2574
l 2575 2576
l 2577 2578
l 2579 2580
l 2581 2582
l 2583 2584
l 2585 2586
l 2587 2588
l 2589 2590
l 2591 2592
l 2593 2594
l 2595 2596
l 2597 2598
l 2599 2600
l 2601 2602
l 2603 2604
l 2605 2606
l 2607 2608
l 2609 2610
l 2611 2612
l 2613 2614
l 2615 2616
l 2617 2618
l 2619 2620
l 2621 2622
l 2623 2624
l 2625 2626
l 2627 2628
l 2629 2630
l 2631 2632
l 2633 2634
l 2635 2636
l 2637 2638
l 2639 2640
l 2641 2642
l 2643 2644
l 2645 2646
l 2647 2648
l 2649 2650
l 2651 2652
l 2653 2654
l 2655 2656
l 2657 2658
l 2659 2660
l 2661 2662
l 2663 2664
l 2665 2666
l 2667 2668
l 2669 2670
l 2671 2672
l 2673 2674
l 2675 2676
l 2677 2678
l 2679 2680
l 2681 2682
l 2683 2684
l 2685 2686
l 2687 2688
l 2689 2690
l 2691 2692
l 2693 2694
l 2695 2696
l 2697 2698
l 2699 2700
l 2701 2702
l 2703 2704
l 2705 2706
l 2707 2708
l 2709 2710
l 2711 2712
l 2713 2714
l 2715 2716
l 2717 2718
l 2719 2720
l 2721 2722
l 2723 2724
l 2725 2726
l 2727 2728
l 2729 2730
l 2731 2732
l 2733 2734
l 2735 2736
l 2737 2738
l 2739 2740
l 2741 2742
l 2743 2744
l 2745 2746
l 2747 2748
l 2749 2750
l 2751 2752
l 2753 2754
l 2755 2756
l 2757 2758
l 2759 2760
l 2761 2762
l 2763 2764
l 2765 2766
l 2767 2768
l 2769 2770
l 2771 2772
l 2773 2774
l 2775 2776
l 2777 2778
l 2779 2780
l 2781 2782
l 2783 2784
l 2785 2786
l 2787 2788
l 2789 2790
l 2791 2792
l 2793 2794
l 2795 2796
l 2797 2798
l 2799 2800
l 2801 2802
l 2803 2804
l 2805 2806
l 2807 2808
l 2809 2810
l 2811 2812
l 2813 2814
l 2815 2816
l 2817 2818
l 2819 2820
l 2821 2822
l 2823 2824
l 2825 2826
l 2827 2828
l 2829 2830
l 2831 2832
l 2833 2834
l 2835 2836
l 2837 2838
l 2839 2840
l 2841 2842
l 2843 2844
l 2845 2846
l 2847 2848
l 2849 2850
l 2851 2852
l 2853 2854
l 2855 2856
l 2857 2858
l 2859 2860
l 2861 2862
l 2863 2864
l 2865 2866
l 2867 2868
l 2869 2870
l 2871 2872
l 2873 2874
l 2875 2876
l 2877 2878
l 2879 2880
l 2881 2882
l 2883 2884
l 2885 2886
l 2887 2888
l 2889 2890
l 2891 2892
l 2893 2894
l 2895 2896
l 2897 2898
l 2899 2900
l 2901 2902
l 2903 2904
l 2905 2906
l 2907 2908
l 2909 2910
l 2911 2912
l 2913 2914
l 2915 2916
l 2917 2918
l 2919 2920
l 2921 2922
l 2923 2924
l 2925 2926
l 2927 2928
l 2929 2930
l 2931 2932
l 2933 2934
l 2935 2936
l 2937 2938
l 2939 2940
l 2941 2942
l 2943 2944
l 2945 2946
l 2947 2948
l 2949 2950
l 2951 2952
l 2953 2954
l 2955 2956
l 2957 2958
l 2959 2960
l 2961 2962
l 2963 2964
l 2965 2966
l 2967 2968
l 2969 2970
l 2971 2972
l 2973 2974
l 2975 2976
l 2977 2978
l 2979 2980
l 2981 2982
l 2983 2984
l 2985 2986
l 2987 2988
l 2989 2990
l 2991 2992
l 2993 2994
l 2995 2996
l 2997 2998
l 2999 3000
l 3001 3002
l 3003 3004
l 3005 3006
l 3007 3008
l 3009 3010
l 3011 3012
l 3013 3014
l 3015 3016
l 3017 3018
l 3019 3020
l 3021 3022
l 3023 3024
l 3025 3026
l 3027 3028
l 3029 3030
l 3031 3032
l 3033 3034
l 3035 3036
l 3037 3038
l 3039 3040
l 3041 3042
l 3043 3044
l 3045 3046
l 3047 3048
l 3049 3050
l 3051 3052
l 3053 3054
l 3055 3056
l 3057 3058
l 3059 3060
l 3061 3062
l 3063 3064
l 3065 3066
l 3067 3068
l 3069 3070
l 3071 3072
l 3073 3074
l 3075 3076
l 3077 3078
l 3079 3080
l 3081 3082
l 3083 3084
l 3085 3086
l 3087 3088
l 3089 3090
l 3091 3092
l 3093 3094
l 3095 3096
l 3097 3098
l 3099 3100
l 3101 3102
l 3103 3104
l 3105 3106
l 3107 3108
l 3109 3110
l 3111 3112
l 3113 3114
l 3115 3116
l 3117 3118
l 3119 3120
l 3121 3122
l 3123 3124
l 3125 3126
l 3127 3128
l 3129 3130
l 3131 3132
l 3133 3134
l 3135 3136
l 3137 3138
l 3139 3140
l 3141 3142
l 3143 3144
l 3145 3146
l 3147 3148
l 3149 3150
l 3151 3152
l 3153 3154
l 3155 3156
l 3157 3158
l 3159 3160
l 3161 3162
l 3163 3164
l 3165 3166
l 3167 3168
l 3169 3170
l 3171 3172
l 3173 3174
l 3175 3176
l 3177 3178
l 3179 3180
l 3181 3182
l 3183 3184
l 3185 3186
l 3187 3188
l 3189 3190
l 3191 3192
l 3193 3194
l 3195 3196
l 3197 3198
l 3199 3200
l 3201 3202
l 3203 3204
l 3205 3206
l 3207 3208
l 3209 3210
l 3211 3212
l 3213 3214
l 3215 3216
l 3217 3218
l 3219 3220
l 3221 3222
l 3223 3224
l 3225 3226
l 3227 3228
l 3229 3230
l 3231 3232
l 3233 3234
l 3235 3236
l 3237 3238
l 3239 3240
l 3241 3242
l 3243 3244
l 3245 3246
l 3247 3248
l 3249 3250
l 3251 3252
l 3253 3254
l 3255 3256
l 3257 3258
l 3259 3260
l 3261 3262
l 3263 3264
l 3265 3266
l 3267 3268
l 3269 3270
l 3271 3272
l 3273 3274
l 3275 3276
l 3277 3278
l 3279 3280
l 3281 3282
l 3283 3284
l 3285 3286
l 3287 3288
l 3289 3290
l 3291 3292
l 3293 3294
l 3295 3296
l 3297 3298
l 3299 3300
l 3301 3302
l 3303 3304
l 3305 3306
l 3307 3308
l 3309 3310
l 3311 3312
l 3313 3314
l 3315 3316
l 3317 3318
l 3319 3320
l 3321 3322
l 3323 3324
l 3325 3326
l 3327 3328
l 3329 3330
l 3331 3332
l 3333 3334
l 3335 3336
l 3337 3338
l 3339 3340
l 3341 3342
l 3343 3344
l 3345 3346
l 3347 3348
l 3349 3350
l 3351 3352
l 3353 3354
l 3355 3356
l 3357 3358
l 3359 3360
l 3361 3362
l 3363 3364
l 3365 3366
l 3367 3368
l 3369 3370
l 3371 3372
l 3373 3374
l 3375 3376
l 3377 3378
l 3379 3380
l 3381 3382
l 3383 3384
l 3385 3386
l 3387 3388
l 3389 3390
l 3391 3392
l 3393 3394
l 3395 3396
l 3397 3398
l 3399 3400
l 3401 3402
l 3403 3404
l 3405 3406
l 3407 3408
l 3409 3410
l 3411 3412
l 3413 3414
l 3415 3416
l 3417 3418
l 3419 3420
l 3421 3422
l 3423 3424
l 3425 3426
l 3427 3428
l 3429 3430
l 3431 3432
l 3433 3434
l 3435 3436
l 3437 3438
l 3439 3440
l 3441 3442
l 3443 3444
l 3445 3446
l 3447 3448
l 3449 3450
l 3451 3452
l 3453 3454
l 3455 3456
l 3457 3458
l 3459 3460
l 3461 3462
l 3463 3464
l 3465 3466
l 3467 3468
l 3469 3470
l 3471 3472
l 3473 3474
l 3475 3476
l 3477 3478
l 3479 3480
l 3481 3482
l 3483 3484
l 3485 3486
l 3487 3488
l 3489 3490
l 3491 3492
l 3493 3494
l 3495 3496
l 3497 3498
l 3499 3500
l 3501 3502
l 3503 3504
l 3505 3506
l 3507 3508
l 3509 3510
l 3511 3512
l 3513 3514
